contigName	contigLen	totalAvgDepth	mapped_reads_sorted.bam	mapped_reads_sorted.bam-var
k141_12395	1160	8.15644	8.15644	24.919
k141_1771	1408	6.27742	6.27742	11.1776
k141_5313	1739	6.10006	6.10006	12.3031
k141_7084	1920	8.24181	8.24181	16.4864
k141_3	1466	5.80015	5.80015	8.27101
k141_12396	2288	4.82413	4.82413	4.77951
k141_5315	1202	4.52186	4.52186	6.73692
k141_1772	2560	4.03651	4.03651	2.59892
k141_7085	3074	5.32866	5.32866	7.03425
k141_10625	6066	5.00541	5.00541	7.77115
k141_4	3179	5.57214	5.57214	7.56719
k141_12397	3395	5.70385	5.70385	6.75417
k141_7086	1964	5.13616	5.13616	4.72993
k141_3543	6572	7.89863	7.89863	11.2359
k141_1773	3451	6.86459	6.86459	10.3842
k141_5317	4007	5.05445	5.05445	5.57595
k141_10628	1082	5.27039	5.27039	3.10188
k141_12399	1640	6.76577	6.76577	16.1969
k141_7088	1394	3.73633	3.73633	4.00124
k141_5	3101	6.82752	6.82752	10.1746
k141_10629	1282	4.46113	4.46113	3.2319
k141_12400	1119	6.45614	6.45614	4.63262
k141_7089	1325	5.42723	5.42723	5.53794
k141_5318	2933	4.9346	4.9346	8.7476
k141_6	1287	4.10378	4.10378	2.5931
k141_1774	3475	5.19008	5.19008	8.36872
k141_3546	4558	4.95168	4.95168	8.13079
k141_12402	2863	5.58496	5.58496	5.51196
k141_5319	3161	5.86915	5.86915	5.77174
k141_1775	3467	6.58758	6.58758	17.9268
k141_5320	1199	5.80744	5.80744	10.69
k141_7090	5047	6.78232	6.78232	7.93636
k141_3547	3202	7.51376	7.51376	9.28757
k141_12403	2682	4.36058	4.36058	4.13425
k141_1777	2593	5.68236	5.68236	7.48626
k141_10630	7329	5.35214	5.35214	7.49503
k141_3550	1291	3.93427	3.93427	2.679
k141_7094	2113	6.69333	6.69333	5.50525
k141_10633	2359	5.5971	5.5971	6.41095
k141_1782	2006	6.20797	6.20797	7.50064
k141_12405	5352	5.77509	5.77509	4.94697
k141_3551	4546	4.65059	4.65059	7.07741
k141_10634	2058	6.31709	6.31709	5.95972
k141_12406	1322	6.44795	6.44795	10.2441
k141_1784	2065	4.04073	4.04073	5.17386
k141_7095	5944	5.16327	5.16327	6.6082
k141_10635	2793	5.77563	5.77563	13.4225
k141_3553	3929	4.6978	4.6978	4.82084
k141_12408	3150	6.17	6.17	4.35457
k141_10637	2051	6.44135	6.44135	8.3719
k141_7096	3435	5.32055	5.32055	5.91396
k141_7097	1123	4.28571	4.28571	2.27836
k141_12409	2700	7.00157	7.00157	7.19966
k141_3559	2633	4.78051	4.78051	5.87644
k141_10638	2918	6.34032	6.34032	8.7921
k141_3560	1160	6.60792	6.60792	3.12066
k141_12410	2994	4.31329	4.31329	3.80931
k141_7100	3020	6.46063	6.46063	6.32524
k141_3561	1298	5.21951	5.21951	7.06772
k141_3562	1984	6.77317	6.77317	10.7015
k141_3563	2516	4.30981	4.30981	4.81604
k141_12411	6694	5.46852	5.46852	6.4258
k141_8857	38301	121.945	121.945	263.607
k141_8860	1898	112.67	112.67	335.085
k141_8861	1412	3.58558	3.58558	2.88046
k141_12412	5292	5.32341	5.32341	10.0753
k141_3564	7878	6.93427	6.93427	9.11886
k141_8862	2134	5.3619	5.3619	3.33141
k141_1785	3886	5.9296	5.9296	10.4719
k141_12413	2801	99.1618	99.1618	1277.51
k141_3566	2651	40.9624	40.9624	417.524
k141_1787	4037	5.3859	5.3859	7.86598
k141_1789	1105	4.18429	4.18429	4.62218
k141_8863	7258	6.17923	6.17923	8.45167
k141_12414	5975	5.73854	5.73854	7.59903
k141_3568	5722	5.514	5.514	8.43483
k141_3569	2061	5.05128	5.05128	6.41001
k141_1792	2542	5.21028	5.21028	6.62954
k141_1793	2028	6.24547	6.24547	10.7479
k141_10639	27401	224.563	224.563	691.647
k141_1794	1384	6.81605	6.81605	21.6198
k141_10641	2548	6.70017	6.70017	14.417
k141_1797	2384	4.67368	4.67368	5.46842
k141_10644	2966	5.11861	5.11861	6.6161
k141_1799	3977	5.18422	5.18422	5.15235
k141_1800	1864	4.83606	4.83606	7.9795
k141_1801	1660	4.97881	4.97881	3.86702
k141_10646	4572	5.31592	5.31592	9.65487
k141_1803	1376	188.195	188.195	4695.96
k141_10648	1797	6.05343	6.05343	6.01903
k141_1804	1318	4.48459	4.48459	5.5045
k141_1805	1333	4.53001	4.53001	3.43882
k141_1806	1838	4.97808	4.97808	4.95681
k141_10649	5004	5.97404	5.97404	14.6768
k141_10650	4387	5.11352	5.11352	5.99202
k141_1807	7348	5.24979	5.24979	8.40297
k141_1809	1826	4.41826	4.41826	6.42257
k141_1810	1142	13.9587	13.9587	22.7622
k141_10651	4781	5.63852	5.63852	7.94752
k141_3570	33391	154.235	154.235	307.716
k141_10652	1493	4.52048	4.52048	3.00536
k141_3571	1196	4.34034	4.34034	3.1204
k141_1812	2327	5.98668	5.98668	5.86332
k141_3572	1286	6.21303	6.21303	2.94668
k141_1813	2028	4.69063	4.69063	3.48709
k141_3574	1901	7.26156	7.26156	23.8458
k141_3575	1201	6.8725	6.8725	13.5132
k141_1817	3124	5.03194	5.03194	6.42589
k141_10654	8795	6.55836	6.55836	7.13746
k141_1819	1323	10.7528	10.7528	139.79
k141_3576	4493	6.45798	6.45798	10.6356
k141_1820	3056	4.81796	4.81796	6.56541
k141_3579	2815	5.79325	5.79325	11.7594
k141_3580	1095	5.0963	5.0963	4.59136
k141_10655	5876	6.41582	6.41582	9.22451
k141_3583	2298	6.48976	6.48976	7.60176
k141_10656	2971	4.92769	4.92769	5.31674
k141_10658	1951	5.42865	5.42865	10.2017
k141_10659	1381	181.128	181.128	1005.94
k141_3586	5089	5.79348	5.79348	8.08924
k141_3587	1240	3.67982	3.67982	1.44469
k141_10660	2891	5.75775	5.75775	7.72231
k141_10661	1566	6.9774	6.9774	10.7698
k141_12415	62185	190.464	190.464	607.369
k141_12417	1508	641.199	641.199	48480.1
k141_12420	1040	4.22584	4.22584	3.3629
k141_3588	7948	6.82072	6.82072	10.0427
k141_3589	1815	4.58619	4.58619	4.8774
k141_12421	7404	6.58492	6.58492	9.66514
k141_3590	2905	6.13212	6.13212	6.053
k141_3592	1395	5.89478	5.89478	12.9818
k141_12422	4853	4.79098	4.79098	5.27075
k141_3593	4246	6.22046	6.22046	13.1511
k141_10662	16904	144.405	144.405	356.647
k141_3594	1552	4.5321	4.5321	3.71953
k141_12423	5258	214.079	214.079	6177.15
k141_3597	1273	4.62422	4.62422	2.40411
k141_12424	1808	4.68154	4.68154	4.2582
k141_3598	3454	6.85018	6.85018	8.45371
k141_12425	3957	7.34279	7.34279	19.236
k141_3600	2118	5.48069	5.48069	8.40027
k141_12427	2184	5.21632	5.21632	5.42889
k141_3602	2650	7.444	7.444	27.7642
k141_12428	1673	4.83322	4.83322	3.06809
k141_3607	1251	4.79292	4.79292	0.949806
k141_3609	1355	68.0963	68.0963	597.854
k141_12430	4361	5.15056	5.15056	4.15215
k141_12431	2104	6.69294	6.69294	9.59433
k141_3613	8918	188.729	188.729	407.83
k141_12432	7945	6.34907	6.34907	7.71411
k141_12433	4608	5.78937	5.78937	7.57125
k141_3616	4336	6.75418	6.75418	7.75832
k141_3617	1138	5.04049	5.04049	2.53331
k141_12435	2435	6.45208	6.45208	9.59894
k141_12436	2911	28.2231	28.2231	59.4705
k141_12437	1384	4.00486	4.00486	3.79722
k141_3619	8968	6.56317	6.56317	10.1428
k141_3620	2987	6.06486	6.06486	15.9111
k141_3621	5564	5.56686	5.56686	6.39011
k141_3622	6372	5.84989	5.84989	11.3685
k141_3623	3251	1191.48	1191.48	157423
k141_3624	1718	3.87117	3.87117	2.64198
k141_3625	1665	7.30759	7.30759	12.8709
k141_3627	7320	4.97476	4.97476	5.65126
k141_3630	3929	5.45541	5.45541	6.55304
k141_3631	2973	265.525	265.525	3296.98
k141_3632	1505	5.32103	5.32103	7.69961
k141_3634	1436	6.84837	6.84837	7.95756
k141_3635	1361	6.11065	6.11065	9.72823
k141_3636	1669	4.31797	4.31797	4.33557
k141_3637	7736	6.0957	6.0957	8.83166
k141_1821	127063	96.4274	96.4274	223.347
k141_1822	1608	6.04664	6.04664	5.9566
k141_1823	1477	5.77694	5.77694	6.05882
k141_1824	1879	5.02082	5.02082	5.94518
k141_3638	10976	7.09764	7.09764	11.6683
k141_3639	1592	4.75381	4.75381	9.43622
k141_1828	3033	4.83489	4.83489	6.02761
k141_1829	6207	7.02873	7.02873	14.3799
k141_3641	9388	7.11669	7.11669	11.0238
k141_1831	6041	5.62825	5.62825	6.96835
k141_1832	1257	4.36134	4.36134	4.75355
k141_3642	2429	5.77622	5.77622	7.05877
k141_1833	1163	4.13327	4.13327	4.39229
k141_12439	84528	167.326	167.326	352.697
k141_12440	1573	4.81167	4.81167	7.67195
k141_3643	3267	6.31344	6.31344	8.47008
k141_12441	1198	5.12882	5.12882	4.26133
k141_1837	1561	3.75974	3.75974	2.81102
k141_3645	1195	6.64498	6.64498	18.0855
k141_5323	245590	194.611	194.611	511.684
k141_5324	1208	5.30246	5.30246	2.22631
k141_1839	2215	5.06973	5.06973	8.6134
k141_12443	2966	6.77237	6.77237	9.28067
k141_1840	1346	6.58027	6.58027	4.53498
k141_3647	1244	4.82175	4.82175	6.57114
k141_5325	3837	6.64849	6.64849	8.02976
k141_3650	1255	5.4914	5.4914	9.22298
k141_12444	2900	5.63636	5.63636	11.3439
k141_1843	3522	5.85854	5.85854	5.74237
k141_5326	4481	5.78342	5.78342	7.78392
k141_1844	2919	4.74648	4.74648	3.65897
k141_5328	1497	4.77431	4.77431	5.44974
k141_1845	4183	6.49318	6.49318	14.3397
k141_1846	1051	3.44839	3.44839	3.46987
k141_12446	5917	4.43766	4.43766	4.57179
k141_5329	3866	7.53391	7.53391	8.98926
k141_1847	2744	5.57247	5.57247	5.67795
k141_1848	1734	4.80177	4.80177	2.93982
k141_3651	9379	5.12732	5.12732	5.50108
k141_12447	4444	4.90615	4.90615	6.44552
k141_5330	3469	5.21754	5.21754	3.43485
k141_1850	1776	227.723	227.723	465.726
k141_3652	2023	5.49386	5.49386	8.06847
k141_12448	3052	4.87457	4.87457	5.71539
k141_5331	3443	4.80261	4.80261	5.36563
k141_1851	4322	6.33006	6.33006	7.85125
k141_5334	1239	5.17539	5.17539	4.74585
k141_3653	5586	5.92182	5.92182	12.1348
k141_12449	4104	4.68513	4.68513	4.76927
k141_5335	1792	5.29781	5.29781	6.13127
k141_12450	1401	199.926	199.926	633.262
k141_5336	1463	4.2559	4.2559	3.91007
k141_1852	3793	5.32775	5.32775	6.72996
k141_7	269819	133.97	133.97	314.956
k141_3654	3490	5.50988	5.50988	10.2391
k141_3656	1329	5.59627	5.59627	2.46506
k141_5338	1926	5.24944	5.24944	4.42392
k141_12451	4924	5.62421	5.62421	9.63536
k141_3657	1004	7.07845	7.07845	9.20018
k141_8	3261	8.47573	8.47573	559.625
k141_5339	2402	5.56616	5.56616	6.42874
k141_9	2487	4.5721	4.5721	3.77232
k141_5340	1629	4.82285	4.82285	5.18644
k141_5341	1557	5.42431	5.42431	12.3197
k141_12	1776	6.24908	6.24908	6.95886
k141_5342	1688	6.70351	6.70351	8.23083
k141_13	2005	5.12561	5.12561	5.14653
k141_5344	1366	4.85362	4.85362	3.09626
k141_15	1760	8.48075	8.48075	13.7364
k141_12455	8925	6.40752	6.40752	11.4971
k141_16	2522	5.85708	5.85708	9.55054
k141_17	1799	4.76289	4.76289	6.45649
k141_12458	2710	5.89141	5.89141	5.50283
k141_18	1183	5.85286	5.85286	3.77872
k141_5345	7277	7.36537	7.36537	13.3745
k141_7101	268946	49.6966	49.6966	2389.09
k141_19	1452	0	0	0
k141_12459	3248	0	0	0
k141_7103	1463	0	0	0
k141_12460	1652	0	0	0
k141_12461	1110	0	0	0
k141_5346	4361	0	0	0
k141_7105	3118	0	0	0
k141_5347	2434	0	0	0
k141_12462	2819	0	0	0
k141_5348	1134	0	0	0
k141_8867	263442	0	0	0
k141_7106	2539	0	0	0
k141_12463	3622	0	0	0
k141_8868	1643	0	0	0
k141_20	9713	0	0	0
k141_7107	1914	0	0	0
k141_12465	1594	0	0	0
k141_21	2343	0	0	0
k141_12466	1403	0	0	0
k141_8870	3442	0	0	0
k141_12467	1383	0	0	0
k141_12468	1977	0	0	0
k141_7108	6513	0	0	0
k141_8872	2919	0	0	0
k141_23	4935	0	0	0
k141_8873	1394	0	0	0
k141_7109	2031	0	0	0
k141_8875	1110	0	0	0
k141_8877	1214	0	0	0
k141_26	3971	0	0	0
k141_8878	1725	0	0	0
k141_12469	7352	0	0	0
k141_8879	2649	0	0	0
k141_12470	3378	0	0	0
k141_8880	3410	0	0	0
k141_7110	11295	0	0	0
k141_27	7334	0	0	0
k141_7111	1029	0	0	0
k141_12472	4247	0	0	0
k141_7112	1124	0	0	0
k141_28	2685	0	0	0
k141_8881	4242	0	0	0
k141_30	1214	0	0	0
k141_7113	2811	0	0	0
k141_8882	2497	0	0	0
k141_12474	3745	0	0	0
k141_5350	28084	0	0	0
k141_31	2420	0	0	0
k141_12476	1161	0	0	0
k141_32	1007	0	0	0
k141_7114	3738	0	0	0
k141_5352	3047	0	0	0
k141_33	1719	0	0	0
k141_12477	2511	0	0	0
k141_12478	1347	0	0	0
k141_1855	58990	0	0	0
k141_35	1389	0	0	0
k141_36	1650	0	0	0
k141_5355	2940	0	0	0
k141_1857	1801	0	0	0
k141_5357	1176	0	0	0
k141_37	1859	0	0	0
k141_8883	9897	0	0	0
k141_38	1204	0	0	0
k141_12480	4247	0	0	0
k141_5358	1618	0	0	0
k141_8884	1283	0	0	0
k141_12481	1268	0	0	0
k141_5359	1788	0	0	0
k141_41	1364	0	0	0
k141_8885	2355	0	0	0
k141_8886	1405	0	0	0
k141_42	1949	0	0	0
k141_12482	3746	0	0	0
k141_7115	12591	0	0	0
k141_5360	4144	0	0	0
k141_43	1549	0	0	0
k141_1858	9855	0	0	0
k141_12485	1651	0	0	0
k141_5361	2218	0	0	0
k141_1860	1410	0	0	0
k141_7119	2706	0	0	0
k141_44	4228	0	0	0
k141_12487	2757	0	0	0
k141_1861	1569	0	0	0
k141_7120	2091	0	0	0
k141_12489	1092	0	0	0
k141_5362	4342	0	0	0
k141_45	2983	0	0	0
k141_5364	1616	0	0	0
k141_12490	2985	0	0	0
k141_46	1738	0	0	0
k141_5365	1663	0	0	0
k141_8887	11968	0	0	0
k141_5366	1278	0	0	0
k141_1864	5544	0	0	0
k141_7123	4052	0	0	0
k141_12492	2177	0	0	0
k141_12493	1156	0	0	0
k141_5368	1127	0	0	0
k141_47	4123	0	0	0
k141_1866	2391	0	0	0
k141_12494	1856	0	0	0
k141_7124	3305	0	0	0
k141_12495	1058	0	0	0
k141_7125	1263	0	0	0
k141_48	2732	0	0	0
k141_1868	1477	0	0	0
k141_5369	3593	0	0	0
k141_12496	1262	0	0	0
k141_8889	6317	0	0	0
k141_49	1858	0	0	0
k141_12497	1477	0	0	0
k141_12498	1053	0	0	0
k141_7128	2111	0	0	0
k141_8890	2085	0	0	0
k141_50	2528	0	0	0
k141_8891	1843	0	0	0
k141_1869	4676	0	0	0
k141_7129	3032	0	0	0
k141_5370	6035	0	0	0
k141_51	2777	0	0	0
k141_7130	1095	0	0	0
k141_7131	1081	0	0	0
k141_8892	3412	0	0	0
k141_5371	2075	0	0	0
k141_12499	5684	0	0	0
k141_55	1459	0	0	0
k141_5373	1404	0	0	0
k141_8893	2396	0	0	0
k141_1871	5923	0	0	0
k141_56	1639	0	0	0
k141_12500	4949	0	0	0
k141_1872	2258	0	0	0
k141_57	2383	0	0	0
k141_1873	1362	0	0	0
k141_5375	4481	0	0	0
k141_1875	1182	0	0	0
k141_8900	5392	0	0	0
k141_12503	4405	0	0	0
k141_5377	2741	0	0	0
k141_12504	1230	0	0	0
k141_58	5654	0	0	0
k141_8902	2675	0	0	0
k141_5379	1796	0	0	0
k141_8903	1059	0	0	0
k141_7132	13862	0	0	0
k141_12506	2223	0	0	0
k141_7133	1300	0	0	0
k141_59	3356	0	0	0
k141_8906	1495	0	0	0
k141_8907	1014	0	0	0
k141_60	1156	0	0	0
k141_7134	3044	0	0	0
k141_5381	5294	0	0	0
k141_61	2674	0	0	0
k141_62	1059	0	0	0
k141_12508	6537	0	0	0
k141_5385	1798	0	0	0
k141_7136	4235	0	0	0
k141_8908	7166	0	0	0
k141_12509	3359	0	0	0
k141_8909	1089	0	0	0
k141_7138	1336	0	0	0
k141_7139	1410	0	0	0
k141_1876	17228	0	0	0
k141_63	6229	0	0	0
k141_1877	1279	0	0	0
k141_64	1373	0	0	0
k141_8910	4011	0	0	0
k141_12510	5940	0	0	0
k141_7140	3949	0	0	0
k141_12511	3345	0	0	0
k141_12513	1903	0	0	0
k141_7141	6636	0	0	0
k141_8911	10473	0	0	0
k141_8912	3349	0	0	0
k141_12518	4183	0	0	0
k141_8913	2595	0	0	0
k141_12519	3714	0	0	0
k141_65	22281	0	0	0
k141_12521	4898	0	0	0
k141_8914	8089	0	0	0
k141_3658	144340	0	0	0
k141_12522	2721	0	0	0
k141_8916	1380	0	0	0
k141_67	3138	0	0	0
k141_3660	1023	0	0	0
k141_12523	3591	0	0	0
k141_68	2944	0	0	0
k141_8918	3682	0	0	0
k141_12524	1754	0	0	0
k141_3661	4142	0	0	0
k141_70	2210	0	0	0
k141_8920	2149	0	0	0
k141_12525	2145	0	0	0
k141_72	1154	0	0	0
k141_8921	1165	0	0	0
k141_12526	1947	0	0	0
k141_12527	1762	0	0	0
k141_8923	2495	0	0	0
k141_10663	319147	0	0	0
k141_3662	6469	0	0	0
k141_76	1919	0	0	0
k141_10664	2225	0	0	0
k141_10665	1082	0	0	0
k141_78	3016	0	0	0
k141_8924	4661	0	0	0
k141_3663	3906	0	0	0
k141_8925	2075	0	0	0
k141_12528	6715	0	0	0
k141_3664	2358	0	0	0
k141_79	2789	0	0	0
k141_3665	1771	0	0	0
k141_81	2158	0	0	0
k141_12529	3768	0	0	0
k141_3666	1595	0	0	0
k141_83	2125	0	0	0
k141_10667	9104	0	0	0
k141_12530	3990	0	0	0
k141_8926	8626	0	0	0
k141_84	3047	0	0	0
k141_3667	7107	0	0	0
k141_8927	2515	0	0	0
k141_10672	3004	0	0	0
k141_87	3122	0	0	0
k141_3668	2419	0	0	0
k141_8928	2779	0	0	0
k141_10674	1510	0	0	0
k141_8929	1929	0	0	0
k141_8930	1751	0	0	0
k141_5387	66343	0	0	0
k141_8931	1271	0	0	0
k141_89	5780	0	0	0
k141_8932	2825	0	0	0
k141_91	1521	0	0	0
k141_10676	6953	0	0	0
k141_5389	4276	0	0	0
k141_92	2101	0	0	0
k141_5390	1313	0	0	0
k141_10677	3242	0	0	0
k141_12533	15824	0	0	0
k141_5391	2613	0	0	0
k141_12534	1825	0	0	0
k141_10678	3331	0	0	0
k141_93	6583	0	0	0
k141_12535	3333	0	0	0
k141_10682	1887	0	0	0
k141_12536	1513	0	0	0
k141_5392	6596	0	0	0
k141_5394	1082	0	0	0
k141_12540	2105	0	0	0
k141_94	6183	0	0	0
k141_5397	1849	0	0	0
k141_10683	7052	0	0	0
k141_12541	3877	0	0	0
k141_10684	1049	0	0	0
k141_5398	1925	0	0	0
k141_97	2255	0	0	0
k141_5400	1573	0	0	0
k141_12542	3058	0	0	0
k141_5401	2055	0	0	0
k141_12543	1946	0	0	0
k141_102	3766	0	0	0
k141_5402	2677	0	0	0
k141_12545	1867	0	0	0
k141_103	1026	0	0	0
k141_12546	1834	0	0	0
k141_10686	7990	0	0	0
k141_8936	25950	0	0	0
k141_104	3120	0	0	0
k141_8937	1133	0	0	0
k141_12548	1714	0	0	0
k141_5403	4267	0	0	0
k141_105	1415	0	0	0
k141_10687	3808	0	0	0
k141_5409	1199	0	0	0
k141_8940	3963	0	0	0
k141_8941	2208	0	0	0
k141_10688	6273	0	0	0
k141_5413	2847	0	0	0
k141_107	6812	0	0	0
k141_5414	1019	0	0	0
k141_8942	3599	0	0	0
k141_12549	10727	0	0	0
k141_108	2219	0	0	0
k141_10689	3648	0	0	0
k141_5416	1956	0	0	0
k141_12551	1899	0	0	0
k141_8946	1417	0	0	0
k141_10691	2583	0	0	0
k141_10692	1303	0	0	0
k141_12552	3659	0	0	0
k141_109	6049	0	0	0
k141_12553	1851	0	0	0
k141_110	1284	0	0	0
k141_5418	6277	0	0	0
k141_112	1634	0	0	0
k141_10694	4762	0	0	0
k141_12556	2370	0	0	0
k141_5419	2885	0	0	0
k141_10695	2111	0	0	0
k141_12557	2983	0	0	0
k141_115	2243	0	0	0
k141_8947	11251	0	0	0
k141_116	1643	0	0	0
k141_12558	1923	0	0	0
k141_5421	4378	0	0	0
k141_12559	1338	0	0	0
k141_8948	2816	0	0	0
k141_10697	4608	0	0	0
k141_118	2088	0	0	0
k141_5422	3525	0	0	0
k141_12560	3680	0	0	0
k141_120	1822	0	0	0
k141_5423	1770	0	0	0
k141_5425	1016	0	0	0
k141_10698	4485	0	0	0
k141_12561	3050	0	0	0
k141_10699	1393	0	0	0
k141_5427	1795	0	0	0
k141_123	3160	0	0	0
k141_5428	1382	0	0	0
k141_12564	1500	0	0	0
k141_10700	2059	0	0	0
k141_12565	1470	0	0	0
k141_5429	2034	0	0	0
k141_10701	1564	0	0	0
k141_12566	1652	0	0	0
k141_124	4798	0	0	0
k141_127	1240	0	0	0
k141_12568	1414	0	0	0
k141_10705	1682	0	0	0
k141_5430	4646	0	0	0
k141_10706	2318	0	0	0
k141_129	2386	0	0	0
k141_12570	2644	0	0	0
k141_130	1112	0	0	0
k141_10707	1962	0	0	0
k141_10708	2126	0	0	0
k141_132	2630	0	0	0
k141_10709	1023	0	0	0
k141_134	1632	0	0	0
k141_10710	3047	0	0	0
k141_12573	8203	0	0	0
k141_5434	9719	0	0	0
k141_5435	1842	0	0	0
k141_10713	4346	0	0	0
k141_136	5749	0	0	0
k141_12574	3684	0	0	0
k141_10714	1524	0	0	0
k141_137	2956	0	0	0
k141_5437	3920	0	0	0
k141_12575	4370	0	0	0
k141_12576	1440	0	0	0
k141_10715	4979	0	0	0
k141_12578	2035	0	0	0
k141_138	7141	0	0	0
k141_10716	4453	0	0	0
k141_8949	40221	0	0	0
k141_8950	1056	0	0	0
k141_12580	3853	0	0	0
k141_139	2595	0	0	0
k141_8951	1948	0	0	0
k141_12581	1407	0	0	0
k141_10718	3138	0	0	0
k141_10719	1032	0	0	0
k141_12582	2259	0	0	0
k141_10720	1272	0	0	0
k141_8952	2999	0	0	0
k141_140	4086	0	0	0
k141_8953	1335	0	0	0
k141_141	1945	0	0	0
k141_12584	3190	0	0	0
k141_10721	4426	0	0	0
k141_142	2332	0	0	0
k141_12587	1409	0	0	0
k141_145	1098	0	0	0
k141_10722	4592	0	0	0
k141_12588	3525	0	0	0
k141_10724	1949	0	0	0
k141_12589	3353	0	0	0
k141_12590	1547	0	0	0
k141_12591	1147	0	0	0
k141_10725	6221	0	0	0
k141_147	10362	0	0	0
k141_10726	1645	0	0	0
k141_148	2171	0	0	0
k141_12593	4831	0	0	0
k141_10728	1397	0	0	0
k141_12594	1181	0	0	0
k141_150	1557	0	0	0
k141_10729	1439	0	0	0
k141_12595	1672	0	0	0
k141_10730	1487	0	0	0
k141_12596	2494	0	0	0
k141_151	3736	0	0	0
k141_10731	3415	0	0	0
k141_12597	2731	0	0	0
k141_152	3771	0	0	0
k141_10733	4838	0	0	0
k141_1879	198372	0	0	0
k141_12599	6350	0	0	0
k141_12600	2332	0	0	0
k141_1881	1797	0	0	0
k141_10734	5482	0	0	0
k141_12601	1492	0	0	0
k141_1883	1403	0	0	0
k141_10735	1356	0	0	0
k141_12602	1349	0	0	0
k141_10736	2512	0	0	0
k141_1885	2423	0	0	0
k141_12603	2648	0	0	0
k141_12604	1028	0	0	0
k141_1886	2611	0	0	0
k141_12605	2844	0	0	0
k141_10738	4407	0	0	0
k141_10739	1002	0	0	0
k141_12606	2937	0	0	0
k141_12607	1191	0	0	0
k141_12608	3101	0	0	0
k141_12609	3156	0	0	0
k141_10740	8789	0	0	0
k141_12610	3228	0	0	0
k141_3669	171169	0	0	0
k141_10741	3829	0	0	0
k141_12611	1945	0	0	0
k141_3671	1156	0	0	0
k141_3672	1422	0	0	0
k141_10743	2108	0	0	0
k141_12612	2780	0	0	0
k141_3675	1800	0	0	0
k141_10744	2835	0	0	0
k141_10745	1201	0	0	0
k141_12613	3447	0	0	0
k141_10746	1296	0	0	0
k141_10747	1774	0	0	0
k141_3676	4450	0	0	0
k141_12614	4219	0	0	0
k141_3677	1638	0	0	0
k141_10748	2151	0	0	0
k141_12615	1162	0	0	0
k141_12616	1270	0	0	0
k141_3678	4114	0	0	0
k141_1887	30804	0	0	0
k141_3679	3081	0	0	0
k141_1888	2998	0	0	0
k141_10750	6650	0	0	0
k141_10751	1414	0	0	0
k141_1889	1943	0	0	0
k141_3680	3743	0	0	0
k141_10757	1213	0	0	0
k141_1890	3189	0	0	0
k141_12617	11307	0	0	0
k141_3685	4057	0	0	0
k141_12618	4444	0	0	0
k141_1891	6243	0	0	0
k141_12619	2310	0	0	0
k141_1892	1870	0	0	0
k141_12620	1377	0	0	0
k141_1893	1799	0	0	0
k141_1895	2036	0	0	0
k141_10758	13338	0	0	0
k141_12621	5402	0	0	0
k141_3687	9381	0	0	0
k141_1898	2822	0	0	0
k141_10759	2572	0	0	0
k141_155	68788	0	0	0
k141_10760	2710	0	0	0
k141_1899	4120	0	0	0
k141_10761	2009	0	0	0
k141_1902	1160	0	0	0
k141_1903	1283	0	0	0
k141_12622	8994	0	0	0
k141_10762	3267	0	0	0
k141_12624	1168	0	0	0
k141_10763	1737	0	0	0
k141_8954	109495	0	0	0
k141_12625	1894	0	0	0
k141_8959	1268	0	0	0
k141_10764	4242	0	0	0
k141_12626	5564	0	0	0
k141_8960	3178	0	0	0
k141_12627	1763	0	0	0
k141_156	14986	0	0	0
k141_10765	4943	0	0	0
k141_12629	1082	0	0	0
k141_10766	1946	0	0	0
k141_12630	1434	0	0	0
k141_12631	1230	0	0	0
k141_10769	1536	0	0	0
k141_3690	24300	0	0	0
k141_12632	2080	0	0	0
k141_10770	1721	0	0	0
k141_10771	1541	0	0	0
k141_3691	3453	0	0	0
k141_12633	3569	0	0	0
k141_8963	10311	0	0	0
k141_8964	1527	0	0	0
k141_10772	3587	0	0	0
k141_12635	2584	0	0	0
k141_3692	3475	0	0	0
k141_1905	23580	0	0	0
k141_10773	1533	0	0	0
k141_3694	1394	0	0	0
k141_10774	1383	0	0	0
k141_10775	1135	0	0	0
k141_3696	1522	0	0	0
k141_10776	1453	0	0	0
k141_3697	1180	0	0	0
k141_158	18194	0	0	0
k141_3699	1120	0	0	0
k141_8965	8853	0	0	0
k141_159	1877	0	0	0
k141_8966	1328	0	0	0
k141_10777	4375	0	0	0
k141_160	1412	0	0	0
k141_8967	1312	0	0	0
k141_3700	3658	0	0	0
k141_1906	9854	0	0	0
k141_12636	11388	0	0	0
k141_3701	1074	0	0	0
k141_1908	1582	0	0	0
k141_10778	3013	0	0	0
k141_3702	1603	0	0	0
k141_8969	2207	0	0	0
k141_1909	1133	0	0	0
k141_8970	1235	0	0	0
k141_10779	2712	0	0	0
k141_161	5630	0	0	0
k141_3703	3422	0	0	0
k141_10780	1587	0	0	0
k141_1910	4026	0	0	0
k141_12639	5637	0	0	0
k141_162	2344	0	0	0
k141_3704	3246	0	0	0
k141_8971	5458	0	0	0
k141_1913	1119	0	0	0
k141_10781	3600	0	0	0
k141_3705	1860	0	0	0
k141_10784	1462	0	0	0
k141_12640	4311	0	0	0
k141_8972	3524	0	0	0
k141_163	5717	0	0	0
k141_12641	2059	0	0	0
k141_10786	2659	0	0	0
k141_1914	5079	0	0	0
k141_12642	1676	0	0	0
k141_165	2066	0	0	0
k141_3706	5179	0	0	0
k141_10788	1623	0	0	0
k141_166	1566	0	0	0
k141_1915	3159	0	0	0
k141_10789	1899	0	0	0
k141_12645	1923	0	0	0
k141_8973	6333	0	0	0
k141_10790	2072	0	0	0
k141_1917	2383	0	0	0
k141_8975	1353	0	0	0
k141_169	2658	0	0	0
k141_1918	1581	0	0	0
k141_8977	1771	0	0	0
k141_12647	5090	0	0	0
k141_1920	2070	0	0	0
k141_8978	1948	0	0	0
k141_170	4245	0	0	0
k141_12650	1057	0	0	0
k141_1922	1444	0	0	0
k141_12651	2054	0	0	0
k141_8979	3141	0	0	0
k141_171	3329	0	0	0
k141_1923	3736	0	0	0
k141_12652	3030	0	0	0
k141_8981	2083	0	0	0
k141_12653	1189	0	0	0
k141_1924	2238	0	0	0
k141_172	2131	0	0	0
k141_12654	3411	0	0	0
k141_173	2681	0	0	0
k141_12655	2343	0	0	0
k141_12656	1528	0	0	0
k141_3708	22547	0	0	0
k141_3709	1005	0	0	0
k141_174	2931	0	0	0
k141_12657	2209	0	0	0
k141_3711	1825	0	0	0
k141_12658	1749	0	0	0
k141_10793	21893	0	0	0
k141_12659	1349	0	0	0
k141_3712	2369	0	0	0
k141_8986	11964	0	0	0
k141_12660	1474	0	0	0
k141_10794	5155	0	0	0
k141_175	8675	0	0	0
k141_10796	2208	0	0	0
k141_176	2119	0	0	0
k141_10797	2297	0	0	0
k141_8989	7348	0	0	0
k141_8990	1320	0	0	0
k141_12661	3320	0	0	0
k141_178	4699	0	0	0
k141_8992	2499	0	0	0
k141_179	2602	0	0	0
k141_8993	3197	0	0	0
k141_10798	8336	0	0	0
k141_8994	5417	0	0	0
k141_10799	4663	0	0	0
k141_181	5951	0	0	0
k141_183	1122	0	0	0
k141_12662	3777	0	0	0
k141_184	2088	0	0	0
k141_10800	4295	0	0	0
k141_12664	2551	0	0	0
k141_186	1183	0	0	0
k141_8995	6285	0	0	0
k141_12665	1630	0	0	0
k141_12666	1164	0	0	0
k141_8997	1655	0	0	0
k141_12667	1238	0	0	0
k141_8998	1449	0	0	0
k141_8999	1179	0	0	0
k141_188	5175	0	0	0
k141_10804	5935	0	0	0
k141_5439	228336	0	0	0
k141_12669	3969	0	0	0
k141_5440	1127	0	0	0
k141_9001	3569	0	0	0
k141_12671	1631	0	0	0
k141_12672	1586	0	0	0
k141_189	5886	0	0	0
k141_9002	3436	0	0	0
k141_10805	6249	0	0	0
k141_5442	3795	0	0	0
k141_10807	1171	0	0	0
k141_5444	1295	0	0	0
k141_190	3605	0	0	0
k141_9003	3907	0	0	0
k141_12673	4960	0	0	0
k141_10808	3298	0	0	0
k141_5445	3891	0	0	0
k141_10809	1229	0	0	0
k141_192	2761	0	0	0
k141_12676	1977	0	0	0
k141_193	1525	0	0	0
k141_5447	2522	0	0	0
k141_12677	2504	0	0	0
k141_5448	1474	0	0	0
k141_10810	4462	0	0	0
k141_9005	6444	0	0	0
k141_12678	1241	0	0	0
k141_9006	1008	0	0	0
k141_10811	2257	0	0	0
k141_5449	2646	0	0	0
k141_12679	2717	0	0	0
k141_5450	2065	0	0	0
k141_9008	2746	0	0	0
k141_9009	2599	0	0	0
k141_5453	2326	0	0	0
k141_12680	4604	0	0	0
k141_9010	1327	0	0	0
k141_5454	1391	0	0	0
k141_196	2997	0	0	0
k141_5455	1533	0	0	0
k141_12682	1666	0	0	0
k141_9012	1156	0	0	0
k141_5457	1154	0	0	0
k141_12684	1148	0	0	0
k141_9013	2166	0	0	0
k141_12686	1311	0	0	0
k141_198	6272	0	0	0
k141_12689	2490	0	0	0
k141_5460	4762	0	0	0
k141_12690	1043	0	0	0
k141_199	1428	0	0	0
k141_9014	6653	0	0	0
k141_1925	79703	0	0	0
k141_12691	4566	0	0	0
k141_9016	3727	0	0	0
k141_5463	6129	0	0	0
k141_12696	1333	0	0	0
k141_12697	1381	0	0	0
k141_5465	3056	0	0	0
k141_12698	2182	0	0	0
k141_201	9957	0	0	0
k141_5466	1443	0	0	0
k141_203	1127	0	0	0
k141_7144	409105	0	0	0
k141_5467	1689	0	0	0
k141_204	1922	0	0	0
k141_9018	9380	0	0	0
k141_7145	1493	0	0	0
k141_12699	7280	0	0	0
k141_5468	4871	0	0	0
k141_205	1431	0	0	0
k141_12700	2428	0	0	0
k141_12701	3711	0	0	0
k141_5469	5622	0	0	0
k141_12702	2472	0	0	0
k141_7147	9042	0	0	0
k141_206	4007	0	0	0
k141_12704	1356	0	0	0
k141_7148	1794	0	0	0
k141_207	1884	0	0	0
k141_5470	2585	0	0	0
k141_12706	1853	0	0	0
k141_12709	1494	0	0	0
k141_208	3887	0	0	0
k141_12713	4215	0	0	0
k141_210	3980	0	0	0
k141_5471	5853	0	0	0
k141_211	1049	0	0	0
k141_12717	2154	0	0	0
k141_7152	11000	0	0	0
k141_12719	1798	0	0	0
k141_7153	2672	0	0	0
k141_12720	1200	0	0	0
k141_7154	1026	0	0	0
k141_12721	1018	0	0	0
k141_5472	3215	0	0	0
k141_12723	1350	0	0	0
k141_7155	3178	0	0	0
k141_7156	1709	0	0	0
k141_12725	2649	0	0	0
k141_5473	2914	0	0	0
k141_12726	2636	0	0	0
k141_7160	2482	0	0	0
k141_5475	2729	0	0	0
k141_12727	2778	0	0	0
k141_3713	121959	0	0	0
k141_212	9649	0	0	0
k141_3714	1197	0	0	0
k141_5478	1335	0	0	0
k141_213	2380	0	0	0
k141_12728	3356	0	0	0
k141_5479	2142	0	0	0
k141_3715	3099	0	0	0
k141_214	1853	0	0	0
k141_7161	5995	0	0	0
k141_12729	2014	0	0	0
k141_7164	1522	0	0	0
k141_12730	2100	0	0	0
k141_5480	3142	0	0	0
k141_7165	1247	0	0	0
k141_215	3784	0	0	0
k141_12731	2688	0	0	0
k141_7166	2522	0	0	0
k141_5481	3399	0	0	0
k141_7167	1010	0	0	0
k141_5482	1691	0	0	0
k141_216	4338	0	0	0
k141_7169	1761	0	0	0
k141_12732	4759	0	0	0
k141_12733	1279	0	0	0
k141_218	3415	0	0	0
k141_7170	4187	0	0	0
k141_5483	5886	0	0	0
k141_12734	4408	0	0	0
k141_5484	2366	0	0	0
k141_219	4428	0	0	0
k141_5486	2121	0	0	0
k141_12735	4027	0	0	0
k141_222	1450	0	0	0
k141_223	1451	0	0	0
k141_12736	1840	0	0	0
k141_224	1847	0	0	0
k141_12738	2018	0	0	0
k141_226	2676	0	0	0
k141_12739	3056	0	0	0
k141_12741	1478	0	0	0
k141_12744	1731	0	0	0
k141_12745	1327	0	0	0
k141_227	6824	0	0	0
k141_228	1444	0	0	0
k141_12746	1859	0	0	0
k141_229	1238	0	0	0
k141_230	2063	0	0	0
k141_12749	1539	0	0	0
k141_231	1811	0	0	0
k141_12751	1579	0	0	0
k141_234	1171	0	0	0
k141_235	1982	0	0	0
k141_236	1377	0	0	0
k141_237	1096	0	0	0
k141_238	2243	0	0	0
k141_239	1131	0	0	0
k141_240	2023	0	0	0
k141_241	1471	0	0	0
k141_3717	59355	0	0	0
k141_244	4770	0	0	0
k141_3718	2895	0	0	0
k141_245	2634	0	0	0
k141_3719	2030	0	0	0
k141_3720	1475	0	0	0
k141_246	3529	0	0	0
k141_3721	1020	0	0	0
k141_247	1657	0	0	0
k141_3722	2431	0	0	0
k141_248	2193	0	0	0
k141_3723	1498	0	0	0
k141_10813	144511	0	0	0
k141_249	2797	0	0	0
k141_10815	1467	0	0	0
k141_3724	3406	0	0	0
k141_10816	2892	0	0	0
k141_250	4425	0	0	0
k141_3725	4338	0	0	0
k141_10817	3454	0	0	0
k141_251	4753	0	0	0
k141_252	1089	0	0	0
k141_10818	3804	0	0	0
k141_3727	5746	0	0	0
k141_253	1848	0	0	0
k141_254	1188	0	0	0
k141_10819	3280	0	0	0
k141_255	1836	0	0	0
k141_3728	4689	0	0	0
k141_10821	1813	0	0	0
k141_256	1554	0	0	0
k141_3729	1016	0	0	0
k141_3730	2074	0	0	0
k141_10822	3577	0	0	0
k141_3732	1146	0	0	0
k141_10823	1409	0	0	0
k141_258	8074	0	0	0
k141_10830	1172	0	0	0
k141_259	1660	0	0	0
k141_260	1051	0	0	0
k141_261	1266	0	0	0
k141_10831	4424	0	0	0
k141_262	7655	0	0	0
k141_264	3340	0	0	0
k141_265	2184	0	0	0
k141_266	1149	0	0	0
k141_267	2406	0	0	0
k141_268	1392	0	0	0
k141_269	2316	0	0	0
k141_3733	32778	0	0	0
k141_9019	173345	0	0	0
k141_3735	2070	0	0	0
k141_270	3544	0	0	0
k141_271	1717	0	0	0
k141_272	2193	0	0	0
k141_3737	4437	0	0	0
k141_9020	6390	0	0	0
k141_273	3503	0	0	0
k141_10834	33227	0	0	0
k141_9021	2291	0	0	0
k141_3738	4239	0	0	0
k141_9024	1082	0	0	0
k141_276	1985	0	0	0
k141_10835	2342	0	0	0
k141_9025	3147	0	0	0
k141_3740	4280	0	0	0
k141_278	3880	0	0	0
k141_3741	1223	0	0	0
k141_3742	1325	0	0	0
k141_280	2047	0	0	0
k141_3743	1974	0	0	0
k141_10837	7686	0	0	0
k141_282	1441	0	0	0
k141_283	1836	0	0	0
k141_3744	3289	0	0	0
k141_9026	8385	0	0	0
k141_284	1183	0	0	0
k141_3746	1541	0	0	0
k141_3747	1209	0	0	0
k141_10838	6238	0	0	0
k141_285	3143	0	0	0
k141_10839	1313	0	0	0
k141_3748	1555	0	0	0
k141_9028	4806	0	0	0
k141_286	1975	0	0	0
k141_3749	1556	0	0	0
k141_10841	2335	0	0	0
k141_3750	2481	0	0	0
k141_3751	2951	0	0	0
k141_10843	6341	0	0	0
k141_9032	8305	0	0	0
k141_10844	1422	0	0	0
k141_12752	120785	0	0	0
k141_287	10860	0	0	0
k141_3756	5074	0	0	0
k141_9033	3395	0	0	0
k141_10845	5107	0	0	0
k141_3757	2752	0	0	0
k141_10846	1276	0	0	0
k141_288	5070	0	0	0
k141_3758	1506	0	0	0
k141_12754	5415	0	0	0
k141_3760	2257	0	0	0
k141_5487	159169	0	0	0
k141_9034	7860	0	0	0
k141_3762	1626	0	0	0
k141_9036	4173	0	0	0
k141_5488	5212	0	0	0
k141_9037	1929	0	0	0
k141_289	10428	0	0	0
k141_12755	10506	0	0	0
k141_3763	6473	0	0	0
k141_9038	2290	0	0	0
k141_3765	1414	0	0	0
k141_5489	4317	0	0	0
k141_291	2019	0	0	0
k141_3766	1381	0	0	0
k141_9039	2641	0	0	0
k141_5491	1840	0	0	0
k141_293	2849	0	0	0
k141_3767	2655	0	0	0
k141_294	1140	0	0	0
k141_9040	2586	0	0	0
k141_12756	6832	0	0	0
k141_5493	2562	0	0	0
k141_3769	1619	0	0	0
k141_12759	1136	0	0	0
k141_3770	2137	0	0	0
k141_5494	2822	0	0	0
k141_297	3552	0	0	0
k141_12762	2535	0	0	0
k141_3771	1870	0	0	0
k141_9041	5292	0	0	0
k141_298	1162	0	0	0
k141_9042	1427	0	0	0
k141_3773	1890	0	0	0
k141_9044	1520	0	0	0
k141_3774	1603	0	0	0
k141_9045	2439	0	0	0
k141_12764	5648	0	0	0
k141_5495	7168	0	0	0
k141_12765	1247	0	0	0
k141_299	7012	0	0	0
k141_9046	2473	0	0	0
k141_5496	2701	0	0	0
k141_9047	3695	0	0	0
k141_9048	1284	0	0	0
k141_300	4636	0	0	0
k141_5497	5636	0	0	0
k141_301	2147	0	0	0
k141_5498	1088	0	0	0
k141_9049	3038	0	0	0
k141_5499	1352	0	0	0
k141_5500	1110	0	0	0
k141_302	2789	0	0	0
k141_12766	11147	0	0	0
k141_5502	1177	0	0	0
k141_304	1137	0	0	0
k141_9050	4638	0	0	0
k141_12768	3107	0	0	0
k141_9052	1662	0	0	0
k141_5503	3368	0	0	0
k141_305	4307	0	0	0
k141_9053	2097	0	0	0
k141_12769	2815	0	0	0
k141_5504	2647	0	0	0
k141_308	1025	0	0	0
k141_5505	1354	0	0	0
k141_9055	1952	0	0	0
k141_12770	2123	0	0	0
k141_309	1710	0	0	0
k141_12771	1405	0	0	0
k141_9058	2201	0	0	0
k141_12772	1399	0	0	0
k141_311	1503	0	0	0
k141_12773	1169	0	0	0
k141_312	4228	0	0	0
k141_5507	7784	0	0	0
k141_313	1253	0	0	0
k141_12774	5352	0	0	0
k141_5509	1731	0	0	0
k141_12775	2262	0	0	0
k141_12777	4545	0	0	0
k141_314	9380	0	0	0
k141_12778	1482	0	0	0
k141_12779	1941	0	0	0
k141_318	1002	0	0	0
k141_319	1041	0	0	0
k141_12780	2282	0	0	0
k141_9059	23478	0	0	0
k141_12781	7185	0	0	0
k141_12782	1923	0	0	0
k141_12783	1114	0	0	0
k141_12784	1605	0	0	0
k141_12785	2530	0	0	0
k141_1928	316560	0	0	0
k141_12786	5185	0	0	0
k141_1929	2197	0	0	0
k141_1930	1151	0	0	0
k141_7173	250382	0	0	0
k141_7174	1432	0	0	0
k141_7175	1138	0	0	0
k141_3776	74841	0	0	0
k141_7177	2993	0	0	0
k141_12790	8500	0	0	0
k141_12791	1389	0	0	0
k141_3777	2098	0	0	0
k141_12792	1421	0	0	0
k141_7179	4082	0	0	0
k141_12793	1550	0	0	0
k141_12795	1091	0	0	0
k141_3778	5736	0	0	0
k141_3783	2515	0	0	0
k141_12796	6752	0	0	0
k141_1931	29899	0	0	0
k141_1933	6341	0	0	0
k141_12799	1073	0	0	0
k141_1934	8674	0	0	0
k141_7180	36030	0	0	0
k141_12802	3058	0	0	0
k141_10848	142700	0	0	0
k141_7181	2045	0	0	0
k141_10849	2221	0	0	0
k141_1935	7699	0	0	0
k141_10850	1458	0	0	0
k141_10851	1198	0	0	0
k141_12804	2309	0	0	0
k141_7182	2898	0	0	0
k141_1936	2003	0	0	0
k141_1937	2364	0	0	0
k141_12805	3071	0	0	0
k141_1938	1158	0	0	0
k141_10852	4317	0	0	0
k141_7183	3974	0	0	0
k141_7184	1139	0	0	0
k141_12806	2305	0	0	0
k141_10856	1173	0	0	0
k141_7185	1333	0	0	0
k141_1939	2935	0	0	0
k141_10857	1351	0	0	0
k141_7186	1174	0	0	0
k141_12807	2647	0	0	0
k141_7187	1355	0	0	0
k141_1941	1811	0	0	0
k141_7188	1387	0	0	0
k141_12809	7213	0	0	0
k141_7191	6450	0	0	0
k141_1944	10464	0	0	0
k141_7192	3439	0	0	0
k141_12810	5586	0	0	0
k141_1945	1166	0	0	0
k141_7194	1181	0	0	0
k141_12811	1534	0	0	0
k141_10858	15727	0	0	0
k141_1947	1201	0	0	0
k141_7195	2225	0	0	0
k141_12812	2425	0	0	0
k141_10860	1527	0	0	0
k141_10862	1179	0	0	0
k141_7198	1386	0	0	0
k141_12815	1494	0	0	0
k141_1948	5156	0	0	0
k141_12816	1183	0	0	0
k141_10863	2764	0	0	0
k141_1949	1388	0	0	0
k141_1951	1620	0	0	0
k141_7203	2844	0	0	0
k141_12818	3508	0	0	0
k141_10866	2828	0	0	0
k141_1952	2758	0	0	0
k141_7204	2681	0	0	0
k141_12819	1889	0	0	0
k141_1953	1431	0	0	0
k141_10867	2878	0	0	0
k141_1954	1089	0	0	0
k141_10868	1470	0	0	0
k141_3784	74125	0	0	0
k141_1955	2292	0	0	0
k141_12820	4689	0	0	0
k141_7206	4740	0	0	0
k141_12821	2076	0	0	0
k141_7207	1926	0	0	0
k141_10869	4027	0	0	0
k141_3785	3404	0	0	0
k141_1958	5763	0	0	0
k141_3786	3326	0	0	0
k141_12823	3863	0	0	0
k141_7208	4829	0	0	0
k141_12825	2440	0	0	0
k141_7209	3613	0	0	0
k141_1961	3857	0	0	0
k141_3789	4899	0	0	0
k141_1962	2527	0	0	0
k141_7210	2704	0	0	0
k141_321	119124	0	0	0
k141_3790	2087	0	0	0
k141_12827	4110	0	0	0
k141_7211	1964	0	0	0
k141_3791	1439	0	0	0
k141_1964	1612	0	0	0
k141_322	1952	0	0	0
k141_7213	2306	0	0	0
k141_7215	1471	0	0	0
k141_324	3722	0	0	0
k141_1967	4806	0	0	0
k141_12830	6550	0	0	0
k141_325	1544	0	0	0
k141_7217	3524	0	0	0
k141_9060	137459	0	0	0
k141_1968	2685	0	0	0
k141_12832	3603	0	0	0
k141_7218	3188	0	0	0
k141_1969	1885	0	0	0
k141_9061	3820	0	0	0
k141_12836	1870	0	0	0
k141_9062	2147	0	0	0
k141_327	5257	0	0	0
k141_9063	1473	0	0	0
k141_1970	3935	0	0	0
k141_7219	4802	0	0	0
k141_12837	3472	0	0	0
k141_328	2178	0	0	0
k141_1972	1457	0	0	0
k141_10870	33006	0	0	0
k141_329	3743	0	0	0
k141_9064	6635	0	0	0
k141_10873	2757	0	0	0
k141_1974	6434	0	0	0
k141_330	4330	0	0	0
k141_7220	10441	0	0	0
k141_10876	2343	0	0	0
k141_9065	4920	0	0	0
k141_1975	3215	0	0	0
k141_334	1786	0	0	0
k141_9066	1803	0	0	0
k141_1976	1685	0	0	0
k141_1977	1546	0	0	0
k141_7224	4741	0	0	0
k141_10881	3324	0	0	0
k141_336	3954	0	0	0
k141_1978	2467	0	0	0
k141_337	1001	0	0	0
k141_1979	1125	0	0	0
k141_7226	2186	0	0	0
k141_10882	3011	0	0	0
k141_1980	1028	0	0	0
k141_7227	2151	0	0	0
k141_338	3701	0	0	0
k141_339	1020	0	0	0
k141_7228	3458	0	0	0
k141_7229	1048	0	0	0
k141_10883	6047	0	0	0
k141_1981	6119	0	0	0
k141_10885	1195	0	0	0
k141_7230	2575	0	0	0
k141_1982	2527	0	0	0
k141_10886	2885	0	0	0
k141_340	7724	0	0	0
k141_9067	17831	0	0	0
k141_1985	1922	0	0	0
k141_9068	2335	0	0	0
k141_10890	2478	0	0	0
k141_341	3618	0	0	0
k141_342	1620	0	0	0
k141_7231	8290	0	0	0
k141_9072	2899	0	0	0
k141_1987	7773	0	0	0
k141_7232	4493	0	0	0
k141_1988	1466	0	0	0
k141_344	5177	0	0	0
k141_1989	1695	0	0	0
k141_7233	1150	0	0	0
k141_1990	6753	0	0	0
k141_1992	9223	0	0	0
k141_12838	64321	0	0	0
k141_12839	1828	0	0	0
k141_1994	13423	0	0	0
k141_5510	232288	0	0	0
k141_12840	1807	0	0	0
k141_5511	1504	0	0	0
k141_12841	1374	0	0	0
k141_1996	1998	0	0	0
k141_1997	3364	0	0	0
k141_1998	1385	0	0	0
k141_12844	4926	0	0	0
k141_1999	3031	0	0	0
k141_2000	1311	0	0	0
k141_12845	3916	0	0	0
k141_2001	2956	0	0	0
k141_12846	4153	0	0	0
k141_2002	4390	0	0	0
k141_2003	2006	0	0	0
k141_12847	4837	0	0	0
k141_2004	2603	0	0	0
k141_2005	1463	0	0	0
k141_2006	1437	0	0	0
k141_2008	1275	0	0	0
k141_12850	4690	0	0	0
k141_2009	1864	0	0	0
k141_12851	6682	0	0	0
k141_12852	1391	0	0	0
k141_12857	1942	0	0	0
k141_2010	1433	0	0	0
k141_12863	3215	0	0	0
k141_12866	1164	0	0	0
k141_2011	2003	0	0	0
k141_12867	7194	0	0	0
k141_12868	1886	0	0	0
k141_12869	5204	0	0	0
k141_2014	1450	0	0	0
k141_12871	3804	0	0	0
k141_2015	8182	0	0	0
k141_347	99837	0	0	0
k141_12876	6154	0	0	0
k141_348	1375	0	0	0
k141_2017	1452	0	0	0
k141_10891	116562	0	0	0
k141_12877	1011	0	0	0
k141_2018	1072	0	0	0
k141_10892	1522	0	0	0
k141_349	2819	0	0	0
k141_12879	1758	0	0	0
k141_10893	2121	0	0	0
k141_2020	5642	0	0	0
k141_12881	3645	0	0	0
k141_12882	2124	0	0	0
k141_10896	4613	0	0	0
k141_12883	1782	0	0	0
k141_9073	126188	0	0	0
k141_350	8271	0	0	0
k141_10899	2727	0	0	0
k141_2023	5612	0	0	0
k141_9074	1542	0	0	0
k141_12886	1668	0	0	0
k141_2024	1279	0	0	0
k141_10900	2894	0	0	0
k141_9075	2733	0	0	0
k141_2025	2373	0	0	0
k141_10901	1256	0	0	0
k141_12887	3796	0	0	0
k141_9077	2276	0	0	0
k141_9078	2716	0	0	0
k141_12888	4880	0	0	0
k141_351	7945	0	0	0
k141_10902	7760	0	0	0
k141_352	1417	0	0	0
k141_10903	2267	0	0	0
k141_353	2428	0	0	0
k141_9079	7709	0	0	0
k141_10904	2938	0	0	0
k141_9081	1807	0	0	0
k141_12890	7681	0	0	0
k141_10905	2129	0	0	0
k141_10906	1288	0	0	0
k141_12893	1320	0	0	0
k141_355	6254	0	0	0
k141_12895	1145	0	0	0
k141_9082	4316	0	0	0
k141_356	1044	0	0	0
k141_357	1145	0	0	0
k141_9084	2729	0	0	0
k141_12900	1124	0	0	0
k141_359	1576	0	0	0
k141_9086	1615	0	0	0
k141_3792	211101	0	0	0
k141_12903	2024	0	0	0
k141_3793	1735	0	0	0
k141_12904	2120	0	0	0
k141_10907	10846	0	0	0
k141_360	7102	0	0	0
k141_12905	2810	0	0	0
k141_12906	1647	0	0	0
k141_3795	5101	0	0	0
k141_9087	9709	0	0	0
k141_10911	3579	0	0	0
k141_3797	1129	0	0	0
k141_10912	1722	0	0	0
k141_3799	1325	0	0	0
k141_361	6607	0	0	0
k141_9090	2789	0	0	0
k141_12907	4858	0	0	0
k141_10914	2466	0	0	0
k141_362	2254	0	0	0
k141_363	1376	0	0	0
k141_10917	1764	0	0	0
k141_3802	4845	0	0	0
k141_365	1761	0	0	0
k141_12908	5590	0	0	0
k141_366	1869	0	0	0
k141_10921	1457	0	0	0
k141_12909	2078	0	0	0
k141_367	2084	0	0	0
k141_9092	8804	0	0	0
k141_3803	5290	0	0	0
k141_368	1158	0	0	0
k141_12910	1952	0	0	0
k141_10922	3910	0	0	0
k141_369	1661	0	0	0
k141_9094	2615	0	0	0
k141_3808	1856	0	0	0
k141_9095	2207	0	0	0
k141_370	3104	0	0	0
k141_9097	1251	0	0	0
k141_9098	2459	0	0	0
k141_372	2903	0	0	0
k141_373	1622	0	0	0
k141_3810	6046	0	0	0
k141_10923	8513	0	0	0
k141_9100	2649	0	0	0
k141_9101	1111	0	0	0
k141_374	3204	0	0	0
k141_9102	1363	0	0	0
k141_10926	3550	0	0	0
k141_375	1904	0	0	0
k141_9103	1684	0	0	0
k141_3811	5438	0	0	0
k141_376	1719	0	0	0
k141_3813	1764	0	0	0
k141_10928	3111	0	0	0
k141_9105	3417	0	0	0
k141_377	2992	0	0	0
k141_3814	2182	0	0	0
k141_10929	1994	0	0	0
k141_9106	1907	0	0	0
k141_3815	1289	0	0	0
k141_10930	1127	0	0	0
k141_3816	1462	0	0	0
k141_380	1646	0	0	0
k141_10932	1089	0	0	0
k141_9109	2482	0	0	0
k141_381	1693	0	0	0
k141_3818	1788	0	0	0
k141_9110	1254	0	0	0
k141_382	1160	0	0	0
k141_10933	2766	0	0	0
k141_7234	190588	0	0	0
k141_3819	1861	0	0	0
k141_10935	1443	0	0	0
k141_383	1959	0	0	0
k141_7236	1177	0	0	0
k141_9111	3387	0	0	0
k141_10937	1084	0	0	0
k141_7237	1113	0	0	0
k141_3821	2396	0	0	0
k141_384	2930	0	0	0
k141_3822	1197	0	0	0
k141_7239	1106	0	0	0
k141_388	1094	0	0	0
k141_3823	1548	0	0	0
k141_9112	4743	0	0	0
k141_7241	1545	0	0	0
k141_3824	1375	0	0	0
k141_10942	3912	0	0	0
k141_7242	1602	0	0	0
k141_389	4209	0	0	0
k141_9113	3085	0	0	0
k141_10943	2825	0	0	0
k141_7243	2067	0	0	0
k141_7245	1080	0	0	0
k141_390	3382	0	0	0
k141_3825	5687	0	0	0
k141_9114	3624	0	0	0
k141_10944	5149	0	0	0
k141_3826	3136	0	0	0
k141_3827	2173	0	0	0
k141_7246	6358	0	0	0
k141_7247	2037	0	0	0
k141_10945	5540	0	0	0
k141_3829	3498	0	0	0
k141_10946	1967	0	0	0
k141_7248	3099	0	0	0
k141_3830	1420	0	0	0
k141_10947	1667	0	0	0
k141_7249	1786	0	0	0
k141_7250	1361	0	0	0
k141_9115	13341	0	0	0
k141_2027	97831	0	0	0
k141_7251	1394	0	0	0
k141_9117	1137	0	0	0
k141_391	14953	0	0	0
k141_9118	2555	0	0	0
k141_3833	6519	0	0	0
k141_2029	4409	0	0	0
k141_9119	2496	0	0	0
k141_2030	1766	0	0	0
k141_9120	3115	0	0	0
k141_3834	5671	0	0	0
k141_2031	2329	0	0	0
k141_2032	1555	0	0	0
k141_7254	9527	0	0	0
k141_3835	2126	0	0	0
k141_9122	2860	0	0	0
k141_9124	1175	0	0	0
k141_3837	2112	0	0	0
k141_7255	3204	0	0	0
k141_2033	4398	0	0	0
k141_9125	2293	0	0	0
k141_7257	1034	0	0	0
k141_3838	2338	0	0	0
k141_3839	1743	0	0	0
k141_2034	2903	0	0	0
k141_2035	1134	0	0	0
k141_9126	3391	0	0	0
k141_3840	1644	0	0	0
k141_9127	2129	0	0	0
k141_7258	6365	0	0	0
k141_3841	4136	0	0	0
k141_9129	2302	0	0	0
k141_2037	4857	0	0	0
k141_9130	1195	0	0	0
k141_9132	2208	0	0	0
k141_394	25151	0	0	0
k141_2038	5841	0	0	0
k141_7260	7981	0	0	0
k141_9133	4556	0	0	0
k141_7261	1386	0	0	0
k141_2039	3561	0	0	0
k141_7262	1907	0	0	0
k141_2040	1093	0	0	0
k141_2042	1516	0	0	0
k141_7266	1090	0	0	0
k141_9134	5642	0	0	0
k141_9135	1901	0	0	0
k141_7267	3918	0	0	0
k141_2043	5497	0	0	0
k141_9136	4006	0	0	0
k141_395	14463	0	0	0
k141_7268	2832	0	0	0
k141_2044	1899	0	0	0
k141_9137	1426	0	0	0
k141_397	1266	0	0	0
k141_398	1113	0	0	0
k141_2048	1388	0	0	0
k141_9138	2333	0	0	0
k141_7269	4326	0	0	0
k141_2050	1440	0	0	0
k141_2051	1330	0	0	0
k141_7270	1526	0	0	0
k141_400	4281	0	0	0
k141_2052	1678	0	0	0
k141_401	1612	0	0	0
k141_2053	1099	0	0	0
k141_7271	2760	0	0	0
k141_402	1472	0	0	0
k141_7273	1304	0	0	0
k141_2054	2906	0	0	0
k141_404	1773	0	0	0
k141_7274	2001	0	0	0
k141_7275	1974	0	0	0
k141_405	3864	0	0	0
k141_7276	1832	0	0	0
k141_406	2590	0	0	0
k141_7277	2500	0	0	0
k141_7280	1515	0	0	0
k141_7281	2962	0	0	0
k141_5514	258176	0	0	0
k141_407	5803	0	0	0
k141_408	1581	0	0	0
k141_7283	3231	0	0	0
k141_411	1719	0	0	0
k141_5515	7230	0	0	0
k141_413	3321	0	0	0
k141_415	1175	0	0	0
k141_416	1486	0	0	0
k141_417	1722	0	0	0
k141_10949	84086	0	0	0
k141_10951	1411	0	0	0
k141_418	2954	0	0	0
k141_5517	10556	0	0	0
k141_10952	2198	0	0	0
k141_5518	1711	0	0	0
k141_10953	1087	0	0	0
k141_5519	1380	0	0	0
k141_9139	43971	0	0	0
k141_5521	1483	0	0	0
k141_419	5279	0	0	0
k141_421	1077	0	0	0
k141_5522	3392	0	0	0
k141_3842	71050	0	0	0
k141_9141	4743	0	0	0
k141_7284	23821	0	0	0
k141_422	2173	0	0	0
k141_5523	1846	0	0	0
k141_7285	1038	0	0	0
k141_9143	1679	0	0	0
k141_5524	1005	0	0	0
k141_10955	8685	0	0	0
k141_7286	2053	0	0	0
k141_5525	1364	0	0	0
k141_7287	1389	0	0	0
k141_9144	2747	0	0	0
k141_5526	2144	0	0	0
k141_9146	1253	0	0	0
k141_430	1860	0	0	0
k141_5527	1602	0	0	0
k141_7288	3082	0	0	0
k141_431	2168	0	0	0
k141_7289	1085	0	0	0
k141_9149	2051	0	0	0
k141_7290	1737	0	0	0
k141_5531	2533	0	0	0
k141_432	2140	0	0	0
k141_7291	1972	0	0	0
k141_5532	2802	0	0	0
k141_7292	1301	0	0	0
k141_433	2366	0	0	0
k141_9150	4432	0	0	0
k141_434	1686	0	0	0
k141_7293	2304	0	0	0
k141_5533	2784	0	0	0
k141_9151	2313	0	0	0
k141_3843	16896	0	0	0
k141_437	1096	0	0	0
k141_5535	1833	0	0	0
k141_7294	2777	0	0	0
k141_3845	1817	0	0	0
k141_7295	1026	0	0	0
k141_5536	1336	0	0	0
k141_438	2669	0	0	0
k141_439	1337	0	0	0
k141_7296	2245	0	0	0
k141_440	1035	0	0	0
k141_5538	2716	0	0	0
k141_441	1470	0	0	0
k141_5540	1615	0	0	0
k141_442	3405	0	0	0
k141_7297	5590	0	0	0
k141_5542	2252	0	0	0
k141_443	1958	0	0	0
k141_12911	174063	0	0	0
k141_9152	13182	0	0	0
k141_5543	3529	0	0	0
k141_444	2566	0	0	0
k141_9153	1257	0	0	0
k141_445	1620	0	0	0
k141_5544	1955	0	0	0
k141_12914	1926	0	0	0
k141_446	1014	0	0	0
k141_12915	2909	0	0	0
k141_9154	5369	0	0	0
k141_9155	1582	0	0	0
k141_12916	3260	0	0	0
k141_12917	2019	0	0	0
k141_9156	4413	0	0	0
k141_12918	2765	0	0	0
k141_9157	2133	0	0	0
k141_12919	1208	0	0	0
k141_9158	3879	0	0	0
k141_9159	2197	0	0	0
k141_12920	6093	0	0	0
k141_10956	48877	0	0	0
k141_9160	1648	0	0	0
k141_9161	1245	0	0	0
k141_12924	1853	0	0	0
k141_10957	3532	0	0	0
k141_12925	1590	0	0	0
k141_10958	1741	0	0	0
k141_12927	1180	0	0	0
k141_9163	4159	0	0	0
k141_10959	2656	0	0	0
k141_12928	2594	0	0	0
k141_9164	2566	0	0	0
k141_12929	1562	0	0	0
k141_10960	2825	0	0	0
k141_9165	2363	0	0	0
k141_12933	3155	0	0	0
k141_10961	3697	0	0	0
k141_9166	4380	0	0	0
k141_12934	2863	0	0	0
k141_9167	1981	0	0	0
k141_10962	3305	0	0	0
k141_448	35687	0	0	0
k141_9168	1927	0	0	0
k141_12936	1568	0	0	0
k141_12937	1494	0	0	0
k141_10964	2309	0	0	0
k141_12938	1109	0	0	0
k141_10966	3200	0	0	0
k141_10967	1113	0	0	0
k141_449	6622	0	0	0
k141_10968	1205	0	0	0
k141_12941	3967	0	0	0
k141_2055	119872	0	0	0
k141_451	1498	0	0	0
k141_12942	2028	0	0	0
k141_10969	2351	0	0	0
k141_2056	2260	0	0	0
k141_9169	11201	0	0	0
k141_453	2324	0	0	0
k141_10970	2363	0	0	0
k141_12943	2911	0	0	0
k141_2057	1534	0	0	0
k141_9170	1605	0	0	0
k141_2058	1237	0	0	0
k141_454	4536	0	0	0
k141_12946	3229	0	0	0
k141_10974	5178	0	0	0
k141_2059	4639	0	0	0
k141_12948	2063	0	0	0
k141_12949	1443	0	0	0
k141_10975	2711	0	0	0
k141_9171	7747	0	0	0
k141_2061	2583	0	0	0
k141_12950	2941	0	0	0
k141_9172	2941	0	0	0
k141_10976	5533	0	0	0
k141_2062	6237	0	0	0
k141_12951	5287	0	0	0
k141_455	12654	0	0	0
k141_12952	1534	0	0	0
k141_2064	3090	0	0	0
k141_457	2079	0	0	0
k141_2065	1309	0	0	0
k141_10977	7518	0	0	0
k141_12953	4139	0	0	0
k141_9174	9942	0	0	0
k141_10979	1021	0	0	0
k141_458	4309	0	0	0
k141_2066	4220	0	0	0
k141_10981	1312	0	0	0
k141_12954	3191	0	0	0
k141_2067	2003	0	0	0
k141_10982	1972	0	0	0
k141_12955	2178	0	0	0
k141_2068	1253	0	0	0
k141_10983	1493	0	0	0
k141_460	3983	0	0	0
k141_9175	6339	0	0	0
k141_461	1941	0	0	0
k141_10986	1668	0	0	0
k141_12956	4602	0	0	0
k141_9176	2890	0	0	0
k141_10989	1880	0	0	0
k141_462	2816	0	0	0
k141_12957	1369	0	0	0
k141_9177	1294	0	0	0
k141_7298	88484	0	0	0
k141_10990	1202	0	0	0
k141_12958	1698	0	0	0
k141_463	1929	0	0	0
k141_2069	7582	0	0	0
k141_7300	1819	0	0	0
k141_9178	2674	0	0	0
k141_464	1646	0	0	0
k141_12959	1990	0	0	0
k141_7301	1487	0	0	0
k141_10992	2498	0	0	0
k141_12960	1193	0	0	0
k141_465	2699	0	0	0
k141_9180	3082	0	0	0
k141_12961	1935	0	0	0
k141_9181	1433	0	0	0
k141_10993	5127	0	0	0
k141_12964	1776	0	0	0
k141_469	1752	0	0	0
k141_471	1001	0	0	0
k141_10994	2519	0	0	0
k141_12967	1284	0	0	0
k141_10996	1083	0	0	0
k141_12968	1893	0	0	0
k141_7302	10259	0	0	0
k141_10999	1119	0	0	0
k141_11000	1099	0	0	0
k141_476	3659	0	0	0
k141_7303	2446	0	0	0
k141_12971	2201	0	0	0
k141_9182	9279	0	0	0
k141_11001	1080	0	0	0
k141_2070	15627	0	0	0
k141_478	1503	0	0	0
k141_12972	1881	0	0	0
k141_9183	2611	0	0	0
k141_7305	2896	0	0	0
k141_479	3770	0	0	0
k141_7311	1021	0	0	0
k141_5546	106723	0	0	0
k141_480	3188	0	0	0
k141_7312	4068	0	0	0
k141_12973	8784	0	0	0
k141_12974	1647	0	0	0
k141_9185	9054	0	0	0
k141_5547	4246	0	0	0
k141_485	2002	0	0	0
k141_7313	3601	0	0	0
k141_5548	1549	0	0	0
k141_12975	2875	0	0	0
k141_5549	1109	0	0	0
k141_9186	2997	0	0	0
k141_12976	2522	0	0	0
k141_9187	1894	0	0	0
k141_7318	3139	0	0	0
k141_5550	2779	0	0	0
k141_486	5271	0	0	0
k141_9189	1116	0	0	0
k141_5551	1323	0	0	0
k141_12978	3172	0	0	0
k141_488	2603	0	0	0
k141_5552	2605	0	0	0
k141_9190	3395	0	0	0
k141_12979	1142	0	0	0
k141_5554	1194	0	0	0
k141_3846	137256	0	0	0
k141_9191	1711	0	0	0
k141_12980	1785	0	0	0
k141_9192	1080	0	0	0
k141_5555	2042	0	0	0
k141_489	4360	0	0	0
k141_3847	2634	0	0	0
k141_5556	1976	0	0	0
k141_9194	3100	0	0	0
k141_490	3048	0	0	0
k141_7319	11224	0	0	0
k141_492	1029	0	0	0
k141_7321	1357	0	0	0
k141_5558	2782	0	0	0
k141_7322	1703	0	0	0
k141_12982	7924	0	0	0
k141_5559	2046	0	0	0
k141_493	3567	0	0	0
k141_5560	1857	0	0	0
k141_12984	2334	0	0	0
k141_494	2105	0	0	0
k141_5562	1420	0	0	0
k141_7325	3048	0	0	0
k141_9196	8773	0	0	0
k141_12985	2981	0	0	0
k141_7326	2936	0	0	0
k141_495	4439	0	0	0
k141_9197	2771	0	0	0
k141_9198	1354	0	0	0
k141_496	1801	0	0	0
k141_7328	2528	0	0	0
k141_5563	7471	0	0	0
k141_498	1039	0	0	0
k141_7329	1706	0	0	0
k141_5564	1266	0	0	0
k141_9199	4474	0	0	0
k141_7330	2645	0	0	0
k141_5565	3025	0	0	0
k141_499	4258	0	0	0
k141_9200	1675	0	0	0
k141_5566	1307	0	0	0
k141_5568	3043	0	0	0
k141_7331	6540	0	0	0
k141_2071	52972	0	0	0
k141_2073	2040	0	0	0
k141_9202	8629	0	0	0
k141_5569	4669	0	0	0
k141_500	9294	0	0	0
k141_9203	1155	0	0	0
k141_501	1778	0	0	0
k141_5571	1462	0	0	0
k141_9204	2005	0	0	0
k141_7332	7450	0	0	0
k141_2078	3320	0	0	0
k141_502	3095	0	0	0
k141_2079	2416	0	0	0
k141_9206	2942	0	0	0
k141_503	1687	0	0	0
k141_5575	3745	0	0	0
k141_7334	3036	0	0	0
k141_505	1276	0	0	0
k141_9207	1933	0	0	0
k141_2082	2752	0	0	0
k141_5578	1888	0	0	0
k141_9208	1340	0	0	0
k141_506	2160	0	0	0
k141_5579	2377	0	0	0
k141_5580	1159	0	0	0
k141_2083	5414	0	0	0
k141_507	3996	0	0	0
k141_9210	4458	0	0	0
k141_9211	1128	0	0	0
k141_7336	8378	0	0	0
k141_5581	3616	0	0	0
k141_2084	2351	0	0	0
k141_2085	1500	0	0	0
k141_7337	2461	0	0	0
k141_9214	3037	0	0	0
k141_2086	1274	0	0	0
k141_5582	2761	0	0	0
k141_509	4252	0	0	0
k141_7339	2106	0	0	0
k141_510	1734	0	0	0
k141_2088	2044	0	0	0
k141_9215	3026	0	0	0
k141_2089	1204	0	0	0
k141_9216	1631	0	0	0
k141_5587	2214	0	0	0
k141_515	2102	0	0	0
k141_7340	4096	0	0	0
k141_5590	1038	0	0	0
k141_9220	1848	0	0	0
k141_2090	4655	0	0	0
k141_7341	2215	0	0	0
k141_2091	1663	0	0	0
k141_5591	5411	0	0	0
k141_11002	90286	0	0	0
k141_517	6803	0	0	0
k141_2092	3573	0	0	0
k141_5592	1321	0	0	0
k141_2093	1261	0	0	0
k141_7342	5989	0	0	0
k141_11003	2732	0	0	0
k141_2096	1364	0	0	0
k141_5593	3589	0	0	0
k141_9222	8670	0	0	0
k141_7344	2171	0	0	0
k141_518	4433	0	0	0
k141_7345	1134	0	0	0
k141_9223	1522	0	0	0
k141_11004	2899	0	0	0
k141_519	1493	0	0	0
k141_9224	1172	0	0	0
k141_5596	2434	0	0	0
k141_7348	1753	0	0	0
k141_11005	2207	0	0	0
k141_9225	2266	0	0	0
k141_520	2890	0	0	0
k141_7351	1103	0	0	0
k141_11007	1972	0	0	0
k141_9226	1930	0	0	0
k141_5599	2990	0	0	0
k141_2098	8676	0	0	0
k141_7352	3450	0	0	0
k141_522	4109	0	0	0
k141_5601	1124	0	0	0
k141_9228	2166	0	0	0
k141_12987	64105	0	0	0
k141_12989	2135	0	0	0
k141_523	5246	0	0	0
k141_5603	5380	0	0	0
k141_12992	1006	0	0	0
k141_524	2661	0	0	0
k141_12993	2255	0	0	0
k141_9230	7766	0	0	0
k141_2100	8787	0	0	0
k141_5604	3541	0	0	0
k141_9231	1042	0	0	0
k141_2101	1167	0	0	0
k141_12995	2335	0	0	0
k141_525	3757	0	0	0
k141_9233	2803	0	0	0
k141_12996	2174	0	0	0
k141_2102	3793	0	0	0
k141_527	1908	0	0	0
k141_5605	5355	0	0	0
k141_2103	1627	0	0	0
k141_12998	2004	0	0	0
k141_5606	2388	0	0	0
k141_2104	2075	0	0	0
k141_9234	4472	0	0	0
k141_5607	1158	0	0	0
k141_12999	3682	0	0	0
k141_5609	1511	0	0	0
k141_2105	3277	0	0	0
k141_9238	3342	0	0	0
k141_9239	1203	0	0	0
k141_13000	3163	0	0	0
k141_13001	2560	0	0	0
k141_2112	5602	0	0	0
k141_2114	1196	0	0	0
k141_5610	10416	0	0	0
k141_9240	9066	0	0	0
k141_5612	1302	0	0	0
k141_2115	3745	0	0	0
k141_9241	1177	0	0	0
k141_13002	7105	0	0	0
k141_13003	1016	0	0	0
k141_2116	2768	0	0	0
k141_2117	2073	0	0	0
k141_9242	4164	0	0	0
k141_5613	5774	0	0	0
k141_5614	1181	0	0	0
k141_2118	2230	0	0	0
k141_13006	3629	0	0	0
k141_13007	4427	0	0	0
k141_2119	5183	0	0	0
k141_13009	2026	0	0	0
k141_2120	5852	0	0	0
k141_5615	11068	0	0	0
k141_13010	3782	0	0	0
k141_5617	1203	0	0	0
k141_13011	2743	0	0	0
k141_5618	1435	0	0	0
k141_2122	3135	0	0	0
k141_13013	1365	0	0	0
k141_528	40962	0	0	0
k141_5619	2740	0	0	0
k141_13014	1162	0	0	0
k141_2123	2738	0	0	0
k141_13016	1238	0	0	0
k141_5621	1605	0	0	0
k141_2124	1691	0	0	0
k141_5622	1390	0	0	0
k141_2125	2433	0	0	0
k141_5624	1911	0	0	0
k141_5625	1000	0	0	0
k141_13017	5643	0	0	0
k141_2126	2757	0	0	0
k141_7354	59044	0	0	0
k141_5626	1214	0	0	0
k141_529	8429	0	0	0
k141_7355	2076	0	0	0
k141_530	1687	0	0	0
k141_5628	2157	0	0	0
k141_13022	1016	0	0	0
k141_532	1064	0	0	0
k141_5629	2114	0	0	0
k141_7356	2921	0	0	0
k141_13025	2134	0	0	0
k141_2127	6638	0	0	0
k141_13026	1332	0	0	0
k141_7357	3213	0	0	0
k141_5630	3436	0	0	0
k141_533	4856	0	0	0
k141_2129	2788	0	0	0
k141_535	1011	0	0	0
k141_13028	2264	0	0	0
k141_5631	2618	0	0	0
k141_7358	2863	0	0	0
k141_2130	2618	0	0	0
k141_536	4294	0	0	0
k141_5632	3977	0	0	0
k141_2132	2661	0	0	0
k141_537	2267	0	0	0
k141_5634	1795	0	0	0
k141_2133	2075	0	0	0
k141_7362	4901	0	0	0
k141_2134	1047	0	0	0
k141_7363	1068	0	0	0
k141_13029	8595	0	0	0
k141_2139	1026	0	0	0
k141_538	5283	0	0	0
k141_13033	2085	0	0	0
k141_7364	3973	0	0	0
k141_2141	2292	0	0	0
k141_13035	2021	0	0	0
k141_539	3105	0	0	0
k141_7365	2617	0	0	0
k141_540	1450	0	0	0
k141_2143	2180	0	0	0
k141_542	1556	0	0	0
k141_7366	4390	0	0	0
k141_2144	3252	0	0	0
k141_543	1945	0	0	0
k141_7367	1240	0	0	0
k141_13036	8254	0	0	0
k141_7368	2543	0	0	0
k141_544	3290	0	0	0
k141_13038	1144	0	0	0
k141_545	1671	0	0	0
k141_7369	2150	0	0	0
k141_7372	1830	0	0	0
k141_13040	3106	0	0	0
k141_3848	178186	0	0	0
k141_546	3730	0	0	0
k141_13041	1114	0	0	0
k141_7374	1473	0	0	0
k141_7376	1109	0	0	0
k141_548	1639	0	0	0
k141_7377	1869	0	0	0
k141_3849	4386	0	0	0
k141_3850	1574	0	0	0
k141_550	3143	0	0	0
k141_551	2642	0	0	0
k141_7378	4875	0	0	0
k141_13042	9409	0	0	0
k141_3851	4801	0	0	0
k141_7379	2016	0	0	0
k141_3852	1133	0	0	0
k141_552	3117	0	0	0
k141_13043	1448	0	0	0
k141_553	2624	0	0	0
k141_11008	121096	0	0	0
k141_554	1177	0	0	0
k141_555	1185	0	0	0
k141_3854	5211	0	0	0
k141_13044	1775	0	0	0
k141_7380	8786	0	0	0
k141_556	2352	0	0	0
k141_3858	1611	0	0	0
k141_3859	1590	0	0	0
k141_7382	1586	0	0	0
k141_3860	1097	0	0	0
k141_557	4836	0	0	0
k141_558	2267	0	0	0
k141_7385	1618	0	0	0
k141_7386	1640	0	0	0
k141_11009	15726	0	0	0
k141_7388	1654	0	0	0
k141_7390	4151	0	0	0
k141_11010	5919	0	0	0
k141_7392	2072	0	0	0
k141_562	14321	0	0	0
k141_11011	6087	0	0	0
k141_11012	1652	0	0	0
k141_564	2925	0	0	0
k141_11013	2501	0	0	0
k141_565	2924	0	0	0
k141_11016	2773	0	0	0
k141_567	2064	0	0	0
k141_5635	76686	0	0	0
k141_11020	1492	0	0	0
k141_11021	1049	0	0	0
k141_5636	1078	0	0	0
k141_11022	1390	0	0	0
k141_5637	2206	0	0	0
k141_11023	1859	0	0	0
k141_568	6329	0	0	0
k141_11024	1085	0	0	0
k141_5638	2523	0	0	0
k141_570	2024	0	0	0
k141_7393	21162	0	0	0
k141_11028	2328	0	0	0
k141_5639	4462	0	0	0
k141_571	4067	0	0	0
k141_7394	3612	0	0	0
k141_11031	1232	0	0	0
k141_11032	1014	0	0	0
k141_7395	2716	0	0	0
k141_11033	1407	0	0	0
k141_7396	1198	0	0	0
k141_572	4115	0	0	0
k141_11036	1134	0	0	0
k141_573	1691	0	0	0
k141_574	1089	0	0	0
k141_11037	1635	0	0	0
k141_7397	3349	0	0	0
k141_7398	1252	0	0	0
k141_576	1265	0	0	0
k141_577	2863	0	0	0
k141_11039	7318	0	0	0
k141_11040	1474	0	0	0
k141_579	5178	0	0	0
k141_11041	1722	0	0	0
k141_11042	1960	0	0	0
k141_580	3524	0	0	0
k141_11044	2453	0	0	0
k141_11045	2680	0	0	0
k141_11053	2287	0	0	0
k141_13045	71318	0	0	0
k141_581	13118	0	0	0
k141_11054	3742	0	0	0
k141_13050	1256	0	0	0
k141_582	1865	0	0	0
k141_13051	1759	0	0	0
k141_11055	2101	0	0	0
k141_584	1143	0	0	0
k141_585	1413	0	0	0
k141_13052	2084	0	0	0
k141_11057	2318	0	0	0
k141_3863	82249	0	0	0
k141_586	2226	0	0	0
k141_13054	2013	0	0	0
k141_3864	1237	0	0	0
k141_11060	1455	0	0	0
k141_13055	1906	0	0	0
k141_3865	1740	0	0	0
k141_11061	1016	0	0	0
k141_13056	1211	0	0	0
k141_13058	1608	0	0	0
k141_588	5796	0	0	0
k141_11062	4240	0	0	0
k141_7402	37207	0	0	0
k141_3866	6823	0	0	0
k141_2148	120797	0	0	0
k141_2149	1096	0	0	0
k141_3867	2076	0	0	0
k141_593	1950	0	0	0
k141_11064	5164	0	0	0
k141_594	1463	0	0	0
k141_3869	1241	0	0	0
k141_2150	2676	0	0	0
k141_3870	1166	0	0	0
k141_595	1219	0	0	0
k141_7403	5826	0	0	0
k141_13059	8843	0	0	0
k141_2153	1149	0	0	0
k141_11068	1358	0	0	0
k141_596	1576	0	0	0
k141_3871	1839	0	0	0
k141_13060	1926	0	0	0
k141_11069	1273	0	0	0
k141_2154	1674	0	0	0
k141_597	1821	0	0	0
k141_13061	1132	0	0	0
k141_11070	1712	0	0	0
k141_13062	1143	0	0	0
k141_7406	3923	0	0	0
k141_2156	2510	0	0	0
k141_13063	1626	0	0	0
k141_13064	1543	0	0	0
k141_2158	1557	0	0	0
k141_13065	1531	0	0	0
k141_13066	1138	0	0	0
k141_11071	6206	0	0	0
k141_3876	6695	0	0	0
k141_2160	2899	0	0	0
k141_13067	2348	0	0	0
k141_3877	1789	0	0	0
k141_598	9565	0	0	0
k141_2162	1276	0	0	0
k141_13068	1328	0	0	0
k141_599	1607	0	0	0
k141_2163	2485	0	0	0
k141_600	2160	0	0	0
k141_13069	3588	0	0	0
k141_2165	1179	0	0	0
k141_601	1764	0	0	0
k141_2166	1776	0	0	0
k141_602	1317	0	0	0
k141_2167	1545	0	0	0
k141_2168	2290	0	0	0
k141_11073	12581	0	0	0
k141_2169	1288	0	0	0
k141_2172	1355	0	0	0
k141_603	7222	0	0	0
k141_604	1305	0	0	0
k141_2174	1746	0	0	0
k141_605	1326	0	0	0
k141_2175	1117	0	0	0
k141_606	1315	0	0	0
k141_11075	8801	0	0	0
k141_2177	3209	0	0	0
k141_608	1711	0	0	0
k141_11076	1553	0	0	0
k141_5644	87182	0	0	0
k141_611	1263	0	0	0
k141_11080	1261	0	0	0
k141_2178	5154	0	0	0
k141_612	3016	0	0	0
k141_5645	4143	0	0	0
k141_11081	2356	0	0	0
k141_613	1782	0	0	0
k141_5647	1258	0	0	0
k141_614	1294	0	0	0
k141_11082	2575	0	0	0
k141_2183	3176	0	0	0
k141_615	1250	0	0	0
k141_5648	2388	0	0	0
k141_616	2605	0	0	0
k141_617	1039	0	0	0
k141_5649	5516	0	0	0
k141_5651	1317	0	0	0
k141_7407	45356	0	0	0
k141_2185	8366	0	0	0
k141_7408	1418	0	0	0
k141_7409	1256	0	0	0
k141_5654	2388	0	0	0
k141_619	8647	0	0	0
k141_2186	4576	0	0	0
k141_5656	2735	0	0	0
k141_7411	4203	0	0	0
k141_620	3439	0	0	0
k141_2187	3334	0	0	0
k141_5657	2266	0	0	0
k141_621	1391	0	0	0
k141_7412	2912	0	0	0
k141_7413	1492	0	0	0
k141_7415	1451	0	0	0
k141_2189	5386	0	0	0
k141_2190	1357	0	0	0
k141_622	6720	0	0	0
k141_7421	1398	0	0	0
k141_623	1452	0	0	0
k141_625	1170	0	0	0
k141_7423	2202	0	0	0
k141_2191	4184	0	0	0
k141_3879	59914	0	0	0
k141_2192	2836	0	0	0
k141_629	1512	0	0	0
k141_2194	3404	0	0	0
k141_3884	2662	0	0	0
k141_631	4319	0	0	0
k141_2195	1787	0	0	0
k141_632	4464	0	0	0
k141_2196	4906	0	0	0
k141_3886	5568	0	0	0
k141_11085	44388	0	0	0
k141_2197	4154	0	0	0
k141_3887	3896	0	0	0
k141_634	5415	0	0	0
k141_11086	1482	0	0	0
k141_3888	1022	0	0	0
k141_636	1365	0	0	0
k141_7426	20184	0	0	0
k141_11088	2671	0	0	0
k141_2202	2221	0	0	0
k141_11089	1193	0	0	0
k141_2203	1699	0	0	0
k141_3891	4879	0	0	0
k141_7427	3059	0	0	0
k141_2205	1860	0	0	0
k141_7429	1314	0	0	0
k141_7430	1310	0	0	0
k141_637	7324	0	0	0
k141_11090	4555	0	0	0
k141_638	1772	0	0	0
k141_11091	3898	0	0	0
k141_3893	7538	0	0	0
k141_7433	4874	0	0	0
k141_2206	7407	0	0	0
k141_643	2913	0	0	0
k141_2207	1457	0	0	0
k141_3894	2555	0	0	0
k141_7435	1103	0	0	0
k141_645	2314	0	0	0
k141_646	1878	0	0	0
k141_7436	3538	0	0	0
k141_3895	4566	0	0	0
k141_647	1456	0	0	0
k141_7437	1156	0	0	0
k141_3897	1585	0	0	0
k141_648	2096	0	0	0
k141_2211	5299	0	0	0
k141_7440	2510	0	0	0
k141_2212	3314	0	0	0
k141_650	2765	0	0	0
k141_3898	4882	0	0	0
k141_3900	1092	0	0	0
k141_2213	2246	0	0	0
k141_3902	1279	0	0	0
k141_7441	5684	0	0	0
k141_651	4868	0	0	0
k141_3904	2052	0	0	0
k141_2214	4258	0	0	0
k141_654	1523	0	0	0
k141_3907	1444	0	0	0
k141_2215	1566	0	0	0
k141_11094	20812	0	0	0
k141_655	1204	0	0	0
k141_2216	1476	0	0	0
k141_3909	1244	0	0	0
k141_11096	1014	0	0	0
k141_656	1135	0	0	0
k141_11097	1020	0	0	0
k141_657	2108	0	0	0
k141_11099	1884	0	0	0
k141_7443	8290	0	0	0
k141_2217	4158	0	0	0
k141_3910	3903	0	0	0
k141_3911	1667	0	0	0
k141_3912	1030	0	0	0
k141_7446	2033	0	0	0
k141_2219	2770	0	0	0
k141_3913	1141	0	0	0
k141_658	6370	0	0	0
k141_2220	2245	0	0	0
k141_7448	2257	0	0	0
k141_659	1328	0	0	0
k141_3914	3937	0	0	0
k141_661	1704	0	0	0
k141_2222	2616	0	0	0
k141_7449	4579	0	0	0
k141_7450	1487	0	0	0
k141_2223	3470	0	0	0
k141_3915	5598	0	0	0
k141_663	4382	0	0	0
k141_3916	1813	0	0	0
k141_2225	2061	0	0	0
k141_7453	2599	0	0	0
k141_3918	1209	0	0	0
k141_2226	2408	0	0	0
k141_7454	2943	0	0	0
k141_2227	2060	0	0	0
k141_7455	1184	0	0	0
k141_3922	2424	0	0	0
k141_2228	1368	0	0	0
k141_664	8687	0	0	0
k141_7457	2654	0	0	0
k141_2229	2338	0	0	0
k141_665	1473	0	0	0
k141_7458	1543	0	0	0
k141_2230	1328	0	0	0
k141_7459	2507	0	0	0
k141_666	3683	0	0	0
k141_2235	3452	0	0	0
k141_667	2300	0	0	0
k141_7460	3358	0	0	0
k141_3928	8986	0	0	0
k141_668	1996	0	0	0
k141_7461	1968	0	0	0
k141_2236	3410	0	0	0
k141_3931	2110	0	0	0
k141_2237	2776	0	0	0
k141_3932	1048	0	0	0
k141_3933	1017	0	0	0
k141_2239	1126	0	0	0
k141_3934	1479	0	0	0
k141_2241	1320	0	0	0
k141_669	6917	0	0	0
k141_11102	38542	0	0	0
k141_3935	1398	0	0	0
k141_670	1380	0	0	0
k141_2244	1053	0	0	0
k141_3936	2127	0	0	0
k141_674	1856	0	0	0
k141_2245	2739	0	0	0
k141_3937	2144	0	0	0
k141_2246	1566	0	0	0
k141_3938	2551	0	0	0
k141_2248	2825	0	0	0
k141_677	4196	0	0	0
k141_678	1490	0	0	0
k141_3939	6730	0	0	0
k141_2250	5201	0	0	0
k141_679	5483	0	0	0
k141_3941	2577	0	0	0
k141_2252	1912	0	0	0
k141_680	1087	0	0	0
k141_11111	13516	0	0	0
k141_11113	1169	0	0	0
k141_3943	2935	0	0	0
k141_681	3296	0	0	0
k141_682	1015	0	0	0
k141_3945	1607	0	0	0
k141_2256	3977	0	0	0
k141_683	1397	0	0	0
k141_11114	4345	0	0	0
k141_3946	2090	0	0	0
k141_5658	130868	0	0	0
k141_3947	2791	0	0	0
k141_11115	3239	0	0	0
k141_2257	4812	0	0	0
k141_684	5842	0	0	0
k141_685	1050	0	0	0
k141_3949	3334	0	0	0
k141_2258	5079	0	0	0
k141_2259	1761	0	0	0
k141_2261	1758	0	0	0
k141_3950	7472	0	0	0
k141_3951	4427	0	0	0
k141_3953	4043	0	0	0
k141_3954	1347	0	0	0
k141_3956	1121	0	0	0
k141_3957	4520	0	0	0
k141_3958	2187	0	0	0
k141_11117	29271	0	0	0
k141_11118	1422	0	0	0
k141_2264	20734	0	0	0
k141_3960	2298	0	0	0
k141_3961	1799	0	0	0
k141_2266	1191	0	0	0
k141_11121	1846	0	0	0
k141_7463	66833	0	0	0
k141_11122	1312	0	0	0
k141_2268	2203	0	0	0
k141_7464	2051	0	0	0
k141_11123	2293	0	0	0
k141_689	37631	0	0	0
k141_3962	4851	0	0	0
k141_7465	1774	0	0	0
k141_2270	2727	0	0	0
k141_11125	1917	0	0	0
k141_7466	2704	0	0	0
k141_11126	1368	0	0	0
k141_690	5510	0	0	0
k141_7469	2258	0	0	0
k141_691	2706	0	0	0
k141_11129	5928	0	0	0
k141_692	1661	0	0	0
k141_11130	1567	0	0	0
k141_694	2390	0	0	0
k141_11132	1598	0	0	0
k141_11133	1004	0	0	0
k141_696	1084	0	0	0
k141_5659	55412	0	0	0
k141_11134	2192	0	0	0
k141_5660	1721	0	0	0
k141_11135	1900	0	0	0
k141_11136	1821	0	0	0
k141_11137	1833	0	0	0
k141_5662	3925	0	0	0
k141_697	7457	0	0	0
k141_2271	21810	0	0	0
k141_3963	22862	0	0	0
k141_11138	1969	0	0	0
k141_698	1632	0	0	0
k141_3964	1553	0	0	0
k141_5663	4360	0	0	0
k141_3966	2536	0	0	0
k141_699	3859	0	0	0
k141_2273	4371	0	0	0
k141_11140	5059	0	0	0
k141_5665	3493	0	0	0
k141_3968	2776	0	0	0
k141_11141	1961	0	0	0
k141_11142	2318	0	0	0
k141_3971	1998	0	0	0
k141_2274	6567	0	0	0
k141_3973	2244	0	0	0
k141_2275	1750	0	0	0
k141_5666	6200	0	0	0
k141_11144	3593	0	0	0
k141_5667	2064	0	0	0
k141_3974	4245	0	0	0
k141_3975	1506	0	0	0
k141_2279	4520	0	0	0
k141_11146	5338	0	0	0
k141_11147	1328	0	0	0
k141_5668	7027	0	0	0
k141_2280	4796	0	0	0
k141_3976	5560	0	0	0
k141_11148	3264	0	0	0
k141_3980	1298	0	0	0
k141_11151	1464	0	0	0
k141_2281	4187	0	0	0
k141_5670	5114	0	0	0
k141_2282	1022	0	0	0
k141_5671	1043	0	0	0
k141_3983	4362	0	0	0
k141_7473	45540	0	0	0
k141_5674	1479	0	0	0
k141_3984	2023	0	0	0
k141_7474	1900	0	0	0
k141_3985	2474	0	0	0
k141_5675	4594	0	0	0
k141_2283	9128	0	0	0
k141_3986	5972	0	0	0
k141_5676	7648	0	0	0
k141_3987	3080	0	0	0
k141_3988	1897	0	0	0
k141_5677	2488	0	0	0
k141_2285	8506	0	0	0
k141_3989	1014	0	0	0
k141_5680	1276	0	0	0
k141_2286	3569	0	0	0
k141_701	44694	0	0	0
k141_3990	3990	0	0	0
k141_702	1123	0	0	0
k141_3992	2430	0	0	0
k141_2290	3021	0	0	0
k141_703	5693	0	0	0
k141_3996	2383	0	0	0
k141_2291	4634	0	0	0
k141_3997	1258	0	0	0
k141_5681	10855	0	0	0
k141_704	2254	0	0	0
k141_2292	1602	0	0	0
k141_2294	1078	0	0	0
k141_2295	1008	0	0	0
k141_3998	4342	0	0	0
k141_5682	4446	0	0	0
k141_2296	1744	0	0	0
k141_705	5253	0	0	0
k141_5683	1442	0	0	0
k141_4000	1509	0	0	0
k141_4001	1053	0	0	0
k141_2297	2502	0	0	0
k141_708	1170	0	0	0
k141_2298	1209	0	0	0
k141_4005	1641	0	0	0
k141_2300	2082	0	0	0
k141_710	3256	0	0	0
k141_11152	46553	0	0	0
k141_2301	2105	0	0	0
k141_712	1123	0	0	0
k141_4006	3406	0	0	0
k141_2302	1326	0	0	0
k141_7476	40505	0	0	0
k141_9245	508358	0	0	0
k141_2303	1560	0	0	0
k141_713	3049	0	0	0
k141_4007	4476	0	0	0
k141_2304	2506	0	0	0
k141_7478	2464	0	0	0
k141_4008	2458	0	0	0
k141_11154	7527	0	0	0
k141_2306	1752	0	0	0
k141_7480	3020	0	0	0
k141_715	5192	0	0	0
k141_4009	3019	0	0	0
k141_11156	2086	0	0	0
k141_716	1869	0	0	0
k141_7483	1639	0	0	0
k141_2307	4711	0	0	0
k141_7485	1068	0	0	0
k141_4011	3505	0	0	0
k141_2308	1177	0	0	0
k141_11157	4172	0	0	0
k141_717	3150	0	0	0
k141_4013	1211	0	0	0
k141_718	1434	0	0	0
k141_11158	1834	0	0	0
k141_2309	2505	0	0	0
k141_719	1178	0	0	0
k141_2310	1543	0	0	0
k141_11160	1639	0	0	0
k141_11163	1391	0	0	0
k141_7487	6575	0	0	0
k141_2311	4746	0	0	0
k141_11165	2155	0	0	0
k141_7490	2137	0	0	0
k141_2312	1677	0	0	0
k141_7491	3011	0	0	0
k141_2313	2874	0	0	0
k141_11167	4276	0	0	0
k141_7492	2661	0	0	0
k141_2314	2200	0	0	0
k141_721	10714	0	0	0
k141_7493	1423	0	0	0
k141_11169	1580	0	0	0
k141_722	1370	0	0	0
k141_7494	1175	0	0	0
k141_13070	334755	0	0	0
k141_11170	1793	0	0	0
k141_723	1661	0	0	0
k141_2316	3672	0	0	0
k141_13071	1778	0	0	0
k141_11172	1046	0	0	0
k141_727	1166	0	0	0
k141_2319	1172	0	0	0
k141_2321	1595	0	0	0
k141_13072	3673	0	0	0
k141_729	4437	0	0	0
k141_11176	4092	0	0	0
k141_2322	2770	0	0	0
k141_13073	2952	0	0	0
k141_11178	1581	0	0	0
k141_730	3399	0	0	0
k141_13074	3176	0	0	0
k141_11180	2488	0	0	0
k141_731	3754	0	0	0
k141_13075	3685	0	0	0
k141_11181	4166	0	0	0
k141_13076	1870	0	0	0
k141_11182	1331	0	0	0
k141_13078	1929	0	0	0
k141_11183	2587	0	0	0
k141_13079	1068	0	0	0
k141_2324	12893	0	0	0
k141_732	8968	0	0	0
k141_13081	2394	0	0	0
k141_11184	3276	0	0	0
k141_2325	3037	0	0	0
k141_733	2941	0	0	0
k141_13082	2883	0	0	0
k141_11185	2917	0	0	0
k141_2326	3232	0	0	0
k141_11186	2370	0	0	0
k141_2327	2904	0	0	0
k141_740	1755	0	0	0
k141_11187	2002	0	0	0
k141_13087	1831	0	0	0
k141_4014	47319	0	0	0
k141_2329	3506	0	0	0
k141_13089	2755	0	0	0
k141_2330	1140	0	0	0
k141_11189	3989	0	0	0
k141_13091	1399	0	0	0
k141_2331	1090	0	0	0
k141_11190	1931	0	0	0
k141_4016	5172	0	0	0
k141_13092	2713	0	0	0
k141_2332	3536	0	0	0
k141_4018	1922	0	0	0
k141_11193	3022	0	0	0
k141_13093	2166	0	0	0
k141_2333	1291	0	0	0
k141_4019	3904	0	0	0
k141_11194	4595	0	0	0
k141_13095	4288	0	0	0
k141_11195	1521	0	0	0
k141_4021	3048	0	0	0
k141_11196	3342	0	0	0
k141_13098	3882	0	0	0
k141_13099	3673	0	0	0
k141_9246	80983	0	0	0
k141_11198	4984	0	0	0
k141_13100	1365	0	0	0
k141_9247	3531	0	0	0
k141_11199	3240	0	0	0
k141_13102	2615	0	0	0
k141_4022	12142	0	0	0
k141_13103	1997	0	0	0
k141_4024	1426	0	0	0
k141_11202	2105	0	0	0
k141_13105	2260	0	0	0
k141_11203	5470	0	0	0
k141_13106	5408	0	0	0
k141_13107	1185	0	0	0
k141_741	44364	0	0	0
k141_742	3125	0	0	0
k141_13109	4647	0	0	0
k141_745	2573	0	0	0
k141_11204	11911	0	0	0
k141_13111	1840	0	0	0
k141_11205	1333	0	0	0
k141_746	1814	0	0	0
k141_13112	1719	0	0	0
k141_11207	1543	0	0	0
k141_9249	25015	0	0	0
k141_747	3583	0	0	0
k141_13115	2474	0	0	0
k141_748	1236	0	0	0
k141_11208	4507	0	0	0
k141_13116	2397	0	0	0
k141_13117	1773	0	0	0
k141_13118	1318	0	0	0
k141_749	6499	0	0	0
k141_13121	3649	0	0	0
k141_13123	1149	0	0	0
k141_750	5173	0	0	0
k141_13124	2424	0	0	0
k141_13125	2211	0	0	0
k141_13126	1556	0	0	0
k141_13127	3837	0	0	0
k141_13128	1624	0	0	0
k141_751	10624	0	0	0
k141_13132	2919	0	0	0
k141_753	3821	0	0	0
k141_13135	3148	0	0	0
k141_13136	1499	0	0	0
k141_13138	1495	0	0	0
k141_13140	1206	0	0	0
k141_13141	1584	0	0	0
k141_13145	1928	0	0	0
k141_754	13062	0	0	0
k141_13146	3360	0	0	0
k141_755	2082	0	0	0
k141_13147	2462	0	0	0
k141_13148	2428	0	0	0
k141_756	4854	0	0	0
k141_757	1169	0	0	0
k141_13150	2229	0	0	0
k141_761	1656	0	0	0
k141_13151	2212	0	0	0
k141_2337	89627	0	0	0
k141_2338	1114	0	0	0
k141_762	3243	0	0	0
k141_13152	4968	0	0	0
k141_765	1171	0	0	0
k141_2340	4232	0	0	0
k141_13153	1486	0	0	0
k141_2341	2614	0	0	0
k141_766	4288	0	0	0
k141_767	1055	0	0	0
k141_768	1436	0	0	0
k141_13156	4524	0	0	0
k141_2342	4700	0	0	0
k141_770	2896	0	0	0
k141_2343	1810	0	0	0
k141_13157	3566	0	0	0
k141_771	1371	0	0	0
k141_13159	1192	0	0	0
k141_772	3595	0	0	0
k141_2344	4944	0	0	0
k141_773	2447	0	0	0
k141_13160	6397	0	0	0
k141_775	1805	0	0	0
k141_13161	1238	0	0	0
k141_777	1933	0	0	0
k141_779	1539	0	0	0
k141_2345	9588	0	0	0
k141_13162	6562	0	0	0
k141_781	4360	0	0	0
k141_2346	3494	0	0	0
k141_13163	2677	0	0	0
k141_2347	1761	0	0	0
k141_13164	1455	0	0	0
k141_782	4860	0	0	0
k141_13165	4477	0	0	0
k141_2350	4792	0	0	0
k141_13166	2671	0	0	0
k141_783	6546	0	0	0
k141_2352	4567	0	0	0
k141_13168	3708	0	0	0
k141_2355	1097	0	0	0
k141_784	4023	0	0	0
k141_2357	2557	0	0	0
k141_13169	2876	0	0	0
k141_786	4034	0	0	0
k141_13170	4755	0	0	0
k141_787	2402	0	0	0
k141_13171	1462	0	0	0
k141_13172	2291	0	0	0
k141_2361	8604	0	0	0
k141_13173	1841	0	0	0
k141_2362	1844	0	0	0
k141_788	5935	0	0	0
k141_13175	2170	0	0	0
k141_789	1650	0	0	0
k141_13176	1398	0	0	0
k141_2363	3809	0	0	0
k141_13177	2251	0	0	0
k141_791	2952	0	0	0
k141_792	1691	0	0	0
k141_13178	2067	0	0	0
k141_2368	2314	0	0	0
k141_2369	1660	0	0	0
k141_793	2378	0	0	0
k141_7498	205054	0	0	0
k141_794	3316	0	0	0
k141_7499	1545	0	0	0
k141_13180	9294	0	0	0
k141_7500	2985	0	0	0
k141_2371	9330	0	0	0
k141_13182	1058	0	0	0
k141_13184	2649	0	0	0
k141_796	7684	0	0	0
k141_7501	5297	0	0	0
k141_2373	4117	0	0	0
k141_13185	1666	0	0	0
k141_13187	1199	0	0	0
k141_797	5064	0	0	0
k141_7502	5513	0	0	0
k141_11210	141564	0	0	0
k141_13191	4147	0	0	0
k141_7503	2736	0	0	0
k141_13192	1022	0	0	0
k141_7505	1045	0	0	0
k141_799	5379	0	0	0
k141_13195	1776	0	0	0
k141_7506	1802	0	0	0
k141_2374	11744	0	0	0
k141_800	2561	0	0	0
k141_7507	1788	0	0	0
k141_9251	150785	0	0	0
k141_2378	1742	0	0	0
k141_13197	4245	0	0	0
k141_11211	8452	0	0	0
k141_802	2579	0	0	0
k141_2379	1334	0	0	0
k141_7508	3478	0	0	0
k141_13199	1507	0	0	0
k141_9254	2221	0	0	0
k141_7509	1267	0	0	0
k141_803	2156	0	0	0
k141_804	1095	0	0	0
k141_7510	1293	0	0	0
k141_2380	4321	0	0	0
k141_805	2073	0	0	0
k141_7513	2131	0	0	0
k141_806	1013	0	0	0
k141_13200	5257	0	0	0
k141_11212	6540	0	0	0
k141_807	1008	0	0	0
k141_2382	2026	0	0	0
k141_9256	5014	0	0	0
k141_7516	1799	0	0	0
k141_11213	2071	0	0	0
k141_2385	1861	0	0	0
k141_11215	1308	0	0	0
k141_9257	2856	0	0	0
k141_11216	1903	0	0	0
k141_13202	5010	0	0	0
k141_2386	2402	0	0	0
k141_808	5534	0	0	0
k141_7517	4981	0	0	0
k141_13203	1724	0	0	0
k141_2389	1271	0	0	0
k141_11217	2738	0	0	0
k141_809	2405	0	0	0
k141_7519	1861	0	0	0
k141_7520	1410	0	0	0
k141_13206	2283	0	0	0
k141_2390	3087	0	0	0
k141_11218	2947	0	0	0
k141_13207	1032	0	0	0
k141_7521	1964	0	0	0
k141_2392	1587	0	0	0
k141_11219	2115	0	0	0
k141_13208	1304	0	0	0
k141_11220	1044	0	0	0
k141_812	5336	0	0	0
k141_7522	3110	0	0	0
k141_11221	1659	0	0	0
k141_13210	1919	0	0	0
k141_813	2469	0	0	0
k141_11222	1864	0	0	0
k141_7523	2955	0	0	0
k141_13213	1394	0	0	0
k141_7524	1145	0	0	0
k141_11223	2536	0	0	0
k141_814	5376	0	0	0
k141_815	1203	0	0	0
k141_11224	4762	0	0	0
k141_13214	6077	0	0	0
k141_7526	5302	0	0	0
k141_816	1805	0	0	0
k141_13215	1368	0	0	0
k141_7527	1419	0	0	0
k141_11225	2917	0	0	0
k141_13217	1372	0	0	0
k141_2394	15000	0	0	0
k141_11227	1081	0	0	0
k141_13219	1019	0	0	0
k141_11228	2058	0	0	0
k141_819	4129	0	0	0
k141_2396	2458	0	0	0
k141_821	1240	0	0	0
k141_11229	2732	0	0	0
k141_2397	2857	0	0	0
k141_11230	1069	0	0	0
k141_822	1842	0	0	0
k141_823	1112	0	0	0
k141_2398	2118	0	0	0
k141_11232	1987	0	0	0
k141_5684	315218	0	0	0
k141_7530	9628	0	0	0
k141_2399	1870	0	0	0
k141_825	2287	0	0	0
k141_11233	2767	0	0	0
k141_7531	1582	0	0	0
k141_826	2411	0	0	0
k141_5685	3775	0	0	0
k141_7532	4530	0	0	0
k141_5686	3221	0	0	0
k141_7533	1027	0	0	0
k141_11235	5727	0	0	0
k141_7534	2137	0	0	0
k141_2402	8355	0	0	0
k141_5687	2931	0	0	0
k141_7535	1827	0	0	0
k141_7536	1600	0	0	0
k141_2404	2192	0	0	0
k141_827	10335	0	0	0
k141_5688	5218	0	0	0
k141_7538	3124	0	0	0
k141_2405	3681	0	0	0
k141_828	3525	0	0	0
k141_9258	49705	0	0	0
k141_11237	9658	0	0	0
k141_9259	2176	0	0	0
k141_829	3215	0	0	0
k141_2406	3907	0	0	0
k141_11240	2453	0	0	0
k141_7539	5407	0	0	0
k141_9262	2465	0	0	0
k141_11241	1287	0	0	0
k141_830	2293	0	0	0
k141_7540	2458	0	0	0
k141_5689	9246	0	0	0
k141_831	1605	0	0	0
k141_2407	4343	0	0	0
k141_9263	2884	0	0	0
k141_11242	3634	0	0	0
k141_7541	3529	0	0	0
k141_834	1822	0	0	0
k141_9265	2703	0	0	0
k141_11243	2481	0	0	0
k141_2409	3254	0	0	0
k141_5691	3529	0	0	0
k141_5692	1519	0	0	0
k141_835	2221	0	0	0
k141_7542	2197	0	0	0
k141_2412	1912	0	0	0
k141_5693	1643	0	0	0
k141_7543	2143	0	0	0
k141_7545	1370	0	0	0
k141_2414	2258	0	0	0
k141_7546	1367	0	0	0
k141_11245	6156	0	0	0
k141_836	5105	0	0	0
k141_2416	1828	0	0	0
k141_837	1346	0	0	0
k141_7547	1616	0	0	0
k141_2417	1542	0	0	0
k141_840	1676	0	0	0
k141_2418	3829	0	0	0
k141_5694	10273	0	0	0
k141_841	3624	0	0	0
k141_5695	1583	0	0	0
k141_9266	15632	0	0	0
k141_843	1247	0	0	0
k141_5696	1328	0	0	0
k141_5697	1597	0	0	0
k141_2419	8205	0	0	0
k141_2420	1020	0	0	0
k141_9267	7859	0	0	0
k141_5699	6166	0	0	0
k141_9269	1180	0	0	0
k141_5700	1186	0	0	0
k141_2423	2331	0	0	0
k141_7549	16662	0	0	0
k141_7550	1433	0	0	0
k141_2424	2187	0	0	0
k141_5701	3328	0	0	0
k141_844	12422	0	0	0
k141_5702	1039	0	0	0
k141_2425	2143	0	0	0
k141_7552	2507	0	0	0
k141_11246	23659	0	0	0
k141_5703	1687	0	0	0
k141_2427	1703	0	0	0
k141_11247	2206	0	0	0
k141_7553	2612	0	0	0
k141_845	5114	0	0	0
k141_5704	3098	0	0	0
k141_846	1041	0	0	0
k141_11249	1887	0	0	0
k141_9270	10130	0	0	0
k141_2429	4655	0	0	0
k141_847	1888	0	0	0
k141_5706	2479	0	0	0
k141_11251	1411	0	0	0
k141_848	1122	0	0	0
k141_11252	1429	0	0	0
k141_9272	2940	0	0	0
k141_5707	1734	0	0	0
k141_2430	2340	0	0	0
k141_849	1606	0	0	0
k141_2431	1344	0	0	0
k141_5708	1728	0	0	0
k141_850	2793	0	0	0
k141_11253	3468	0	0	0
k141_5709	1859	0	0	0
k141_2433	2332	0	0	0
k141_7555	9118	0	0	0
k141_11256	1000	0	0	0
k141_2435	1004	0	0	0
k141_9275	4461	0	0	0
k141_2436	1539	0	0	0
k141_11257	2084	0	0	0
k141_852	3325	0	0	0
k141_5710	4579	0	0	0
k141_9277	2890	0	0	0
k141_5711	1578	0	0	0
k141_9278	1099	0	0	0
k141_11258	3419	0	0	0
k141_2437	3882	0	0	0
k141_854	3295	0	0	0
k141_9280	1286	0	0	0
k141_5712	2331	0	0	0
k141_7559	4935	0	0	0
k141_855	1660	0	0	0
k141_2439	2384	0	0	0
k141_9281	3746	0	0	0
k141_5715	3063	0	0	0
k141_7560	3757	0	0	0
k141_857	4478	0	0	0
k141_2442	4718	0	0	0
k141_9283	3086	0	0	0
k141_9284	1398	0	0	0
k141_2444	3104	0	0	0
k141_9286	2027	0	0	0
k141_5716	7554	0	0	0
k141_2445	1037	0	0	0
k141_858	5699	0	0	0
k141_5717	1303	0	0	0
k141_7561	9026	0	0	0
k141_5718	1004	0	0	0
k141_2448	1781	0	0	0
k141_9288	3319	0	0	0
k141_5719	2639	0	0	0
k141_9289	1805	0	0	0
k141_859	4609	0	0	0
k141_2449	2559	0	0	0
k141_7562	3439	0	0	0
k141_5721	1420	0	0	0
k141_862	1484	0	0	0
k141_5722	1199	0	0	0
k141_7564	1669	0	0	0
k141_9291	2791	0	0	0
k141_5724	1009	0	0	0
k141_863	1857	0	0	0
k141_9292	1633	0	0	0
k141_7565	2323	0	0	0
k141_5726	2563	0	0	0
k141_9293	2209	0	0	0
k141_5727	1072	0	0	0
k141_7567	2375	0	0	0
k141_9294	1574	0	0	0
k141_9295	1004	0	0	0
k141_5728	1865	0	0	0
k141_2450	10057	0	0	0
k141_9297	1927	0	0	0
k141_5731	1383	0	0	0
k141_2451	1617	0	0	0
k141_9298	1028	0	0	0
k141_7570	4993	0	0	0
k141_2452	2107	0	0	0
k141_7571	2200	0	0	0
k141_2453	2364	0	0	0
k141_9299	3865	0	0	0
k141_7574	1197	0	0	0
k141_9300	2092	0	0	0
k141_2454	3020	0	0	0
k141_9301	1069	0	0	0
k141_11259	38396	0	0	0
k141_7575	3280	0	0	0
k141_11260	1043	0	0	0
k141_7576	1443	0	0	0
k141_9302	3909	0	0	0
k141_7578	1519	0	0	0
k141_5732	13387	0	0	0
k141_11262	3283	0	0	0
k141_5734	1109	0	0	0
k141_9303	3329	0	0	0
k141_11263	1556	0	0	0
k141_9304	1216	0	0	0
k141_5735	1321	0	0	0
k141_7579	3119	0	0	0
k141_11265	2345	0	0	0
k141_9305	2618	0	0	0
k141_5736	2891	0	0	0
k141_5737	1056	0	0	0
k141_9306	1408	0	0	0
k141_2455	12374	0	0	0
k141_11267	2167	0	0	0
k141_7580	4447	0	0	0
k141_5739	1375	0	0	0
k141_9307	1729	0	0	0
k141_11268	1693	0	0	0
k141_7582	1640	0	0	0
k141_11269	1297	0	0	0
k141_5740	2002	0	0	0
k141_7583	1177	0	0	0
k141_2456	4359	0	0	0
k141_11272	1189	0	0	0
k141_5741	2958	0	0	0
k141_9308	4854	0	0	0
k141_7584	2867	0	0	0
k141_9309	1184	0	0	0
k141_9310	1466	0	0	0
k141_7585	1874	0	0	0
k141_11274	2955	0	0	0
k141_2457	4961	0	0	0
k141_2458	1275	0	0	0
k141_11275	2017	0	0	0
k141_7588	2103	0	0	0
k141_2459	2042	0	0	0
k141_5742	6665	0	0	0
k141_2461	1392	0	0	0
k141_7592	1215	0	0	0
k141_5743	4290	0	0	0
k141_2463	2955	0	0	0
k141_9311	11092	0	0	0
k141_2466	2568	0	0	0
k141_9312	2379	0	0	0
k141_7593	8487	0	0	0
k141_5744	7243	0	0	0
k141_2468	2617	0	0	0
k141_5745	1626	0	0	0
k141_9314	3294	0	0	0
k141_7594	2660	0	0	0
k141_7595	1476	0	0	0
k141_9315	2457	0	0	0
k141_5746	3020	0	0	0
k141_2470	4199	0	0	0
k141_7597	1659	0	0	0
k141_2471	2160	0	0	0
k141_9316	3400	0	0	0
k141_7601	1038	0	0	0
k141_9317	2113	0	0	0
k141_2474	1878	0	0	0
k141_7602	1947	0	0	0
k141_865	61971	0	0	0
k141_7603	1185	0	0	0
k141_5747	7371	0	0	0
k141_866	1061	0	0	0
k141_7604	1608	0	0	0
k141_7605	1731	0	0	0
k141_7606	1441	0	0	0
k141_867	4429	0	0	0
k141_2478	5399	0	0	0
k141_7608	1069	0	0	0
k141_868	1591	0	0	0
k141_5748	6705	0	0	0
k141_869	1173	0	0	0
k141_7609	3110	0	0	0
k141_870	1856	0	0	0
k141_2479	4179	0	0	0
k141_5751	1981	0	0	0
k141_7610	2627	0	0	0
k141_871	2857	0	0	0
k141_5752	4093	0	0	0
k141_873	1907	0	0	0
k141_2480	7223	0	0	0
k141_5753	3000	0	0	0
k141_874	4956	0	0	0
k141_2481	3042	0	0	0
k141_875	1173	0	0	0
k141_7615	5899	0	0	0
k141_5754	4656	0	0	0
k141_2482	2162	0	0	0
k141_877	2170	0	0	0
k141_5755	2879	0	0	0
k141_2483	2528	0	0	0
k141_878	2045	0	0	0
k141_7616	4498	0	0	0
k141_2484	1094	0	0	0
k141_879	1884	0	0	0
k141_880	1360	0	0	0
k141_5756	4284	0	0	0
k141_5758	2188	0	0	0
k141_2486	5618	0	0	0
k141_5759	1877	0	0	0
k141_881	4532	0	0	0
k141_882	3219	0	0	0
k141_5763	2712	0	0	0
k141_883	1620	0	0	0
k141_884	2968	0	0	0
k141_5767	2435	0	0	0
k141_2487	9072	0	0	0
k141_2489	1202	0	0	0
k141_5768	2607	0	0	0
k141_886	2825	0	0	0
k141_2491	1153	0	0	0
k141_2492	1192	0	0	0
k141_5769	2867	0	0	0
k141_2493	1481	0	0	0
k141_2495	1295	0	0	0
k141_9319	50822	0	0	0
k141_2496	1461	0	0	0
k141_2497	1305	0	0	0
k141_5770	5246	0	0	0
k141_2498	1000	0	0	0
k141_2499	5077	0	0	0
k141_9320	7658	0	0	0
k141_5773	5012	0	0	0
k141_5775	2268	0	0	0
k141_2500	3347	0	0	0
k141_9321	3011	0	0	0
k141_9322	1011	0	0	0
k141_5776	1994	0	0	0
k141_2502	2697	0	0	0
k141_9323	2257	0	0	0
k141_9326	1187	0	0	0
k141_2503	2849	0	0	0
k141_5777	6322	0	0	0
k141_2505	1919	0	0	0
k141_9327	4022	0	0	0
k141_5778	1319	0	0	0
k141_2506	1504	0	0	0
k141_2507	1869	0	0	0
k141_2508	4412	0	0	0
k141_2509	1626	0	0	0
k141_2510	1415	0	0	0
k141_5781	8237	0	0	0
k141_4026	468650	0	0	0
k141_5782	3524	0	0	0
k141_4027	1875	0	0	0
k141_2511	4511	0	0	0
k141_4028	2039	0	0	0
k141_5783	4121	0	0	0
k141_889	42153	0	0	0
k141_7617	61082	0	0	0
k141_890	1054	0	0	0
k141_2513	4910	0	0	0
k141_4029	3689	0	0	0
k141_7618	1112	0	0	0
k141_891	1875	0	0	0
k141_4032	1167	0	0	0
k141_9328	22774	0	0	0
k141_4034	1100	0	0	0
k141_892	3814	0	0	0
k141_4035	1574	0	0	0
k141_4036	1274	0	0	0
k141_13221	254823	0	0	0
k141_5784	9641	0	0	0
k141_893	2327	0	0	0
k141_9329	5420	0	0	0
k141_4038	1024	0	0	0
k141_7620	7397	0	0	0
k141_4039	1359	0	0	0
k141_2514	9992	0	0	0
k141_5786	1538	0	0	0
k141_897	1535	0	0	0
k141_13222	3048	0	0	0
k141_5787	2078	0	0	0
k141_7621	3142	0	0	0
k141_4042	2603	0	0	0
k141_900	2178	0	0	0
k141_9332	3489	0	0	0
k141_7622	1082	0	0	0
k141_902	1056	0	0	0
k141_13224	3115	0	0	0
k141_9334	1648	0	0	0
k141_7624	2052	0	0	0
k141_905	1867	0	0	0
k141_9335	1643	0	0	0
k141_5789	5911	0	0	0
k141_910	1020	0	0	0
k141_2518	7467	0	0	0
k141_13225	3207	0	0	0
k141_7630	1161	0	0	0
k141_4043	6960	0	0	0
k141_5790	1592	0	0	0
k141_9338	2126	0	0	0
k141_914	1855	0	0	0
k141_9339	1661	0	0	0
k141_5792	1145	0	0	0
k141_7634	2670	0	0	0
k141_2519	4547	0	0	0
k141_9342	1760	0	0	0
k141_917	1724	0	0	0
k141_13226	6030	0	0	0
k141_2520	1848	0	0	0
k141_13227	1149	0	0	0
k141_7635	4028	0	0	0
k141_2521	1527	0	0	0
k141_9343	3501	0	0	0
k141_13228	1395	0	0	0
k141_7636	1457	0	0	0
k141_919	4846	0	0	0
k141_13229	1928	0	0	0
k141_7637	2135	0	0	0
k141_4045	9860	0	0	0
k141_9344	3755	0	0	0
k141_4046	1884	0	0	0
k141_920	3048	0	0	0
k141_13230	3021	0	0	0
k141_2522	5924	0	0	0
k141_5797	9323	0	0	0
k141_4047	1437	0	0	0
k141_921	1683	0	0	0
k141_5798	1548	0	0	0
k141_13231	3099	0	0	0
k141_7639	5868	0	0	0
k141_13232	1274	0	0	0
k141_4049	3126	0	0	0
k141_7640	1080	0	0	0
k141_923	2867	0	0	0
k141_5799	3022	0	0	0
k141_4050	1789	0	0	0
k141_13233	2173	0	0	0
k141_4051	1069	0	0	0
k141_7641	2863	0	0	0
k141_5801	2227	0	0	0
k141_7642	1052	0	0	0
k141_4053	1635	0	0	0
k141_2523	9409	0	0	0
k141_13234	4453	0	0	0
k141_4055	1759	0	0	0
k141_4056	1462	0	0	0
k141_2524	3160	0	0	0
k141_7644	3130	0	0	0
k141_13236	1167	0	0	0
k141_5802	4919	0	0	0
k141_7646	2047	0	0	0
k141_4057	4994	0	0	0
k141_5805	4180	0	0	0
k141_4058	1465	0	0	0
k141_2525	6590	0	0	0
k141_9345	20706	0	0	0
k141_7647	1716	0	0	0
k141_4061	1087	0	0	0
k141_5806	2895	0	0	0
k141_4063	1526	0	0	0
k141_5807	2357	0	0	0
k141_9347	3132	0	0	0
k141_7648	3650	0	0	0
k141_4064	1640	0	0	0
k141_13237	7767	0	0	0
k141_5808	1001	0	0	0
k141_9348	1262	0	0	0
k141_2526	5645	0	0	0
k141_4069	1710	0	0	0
k141_9350	1854	0	0	0
k141_5809	3191	0	0	0
k141_7652	2698	0	0	0
k141_13238	4845	0	0	0
k141_5810	1864	0	0	0
k141_5811	1140	0	0	0
k141_2527	5593	0	0	0
k141_7653	2867	0	0	0
k141_5813	2073	0	0	0
k141_924	27470	0	0	0
k141_2528	2752	0	0	0
k141_4071	7268	0	0	0
k141_5814	1688	0	0	0
k141_7655	2618	0	0	0
k141_13239	5466	0	0	0
k141_4072	1787	0	0	0
k141_2529	2244	0	0	0
k141_5816	2198	0	0	0
k141_7656	2432	0	0	0
k141_2531	2088	0	0	0
k141_13241	3121	0	0	0
k141_7657	1306	0	0	0
k141_925	5362	0	0	0
k141_5818	1108	0	0	0
k141_2532	2223	0	0	0
k141_7658	2269	0	0	0
k141_4078	2808	0	0	0
k141_4079	1465	0	0	0
k141_9351	15891	0	0	0
k141_4080	1316	0	0	0
k141_7661	3411	0	0	0
k141_4081	1366	0	0	0
k141_2533	5304	0	0	0
k141_5819	6547	0	0	0
k141_9353	1773	0	0	0
k141_929	4737	0	0	0
k141_930	1032	0	0	0
k141_9355	1602	0	0	0
k141_2536	1058	0	0	0
k141_5821	1954	0	0	0
k141_9356	1197	0	0	0
k141_13242	9107	0	0	0
k141_2537	2011	0	0	0
k141_5822	1952	0	0	0
k141_932	2657	0	0	0
k141_13243	1587	0	0	0
k141_5823	2641	0	0	0
k141_9358	3133	0	0	0
k141_2538	4616	0	0	0
k141_5825	1878	0	0	0
k141_13244	3888	0	0	0
k141_7662	9518	0	0	0
k141_934	2276	0	0	0
k141_5827	1071	0	0	0
k141_2540	1532	0	0	0
k141_13245	1631	0	0	0
k141_7664	1082	0	0	0
k141_935	1817	0	0	0
k141_13248	1433	0	0	0
k141_936	2524	0	0	0
k141_13249	1033	0	0	0
k141_5828	5484	0	0	0
k141_2545	3477	0	0	0
k141_937	2709	0	0	0
k141_5829	2239	0	0	0
k141_7666	6075	0	0	0
k141_2546	2530	0	0	0
k141_4083	18277	0	0	0
k141_938	2714	0	0	0
k141_7667	1676	0	0	0
k141_13250	5695	0	0	0
k141_13251	1361	0	0	0
k141_2547	2828	0	0	0
k141_7668	1916	0	0	0
k141_939	3389	0	0	0
k141_5830	4727	0	0	0
k141_7669	1381	0	0	0
k141_13252	1923	0	0	0
k141_940	2306	0	0	0
k141_2551	2100	0	0	0
k141_13255	1508	0	0	0
k141_5832	2160	0	0	0
k141_7673	1392	0	0	0
k141_9363	2386	0	0	0
k141_941	1740	0	0	0
k141_5833	1046	0	0	0
k141_942	1682	0	0	0
k141_5838	1485	0	0	0
k141_5839	1369	0	0	0
k141_4084	11574	0	0	0
k141_944	2481	0	0	0
k141_5841	1142	0	0	0
k141_9364	6598	0	0	0
k141_946	1165	0	0	0
k141_4085	2115	0	0	0
k141_7674	7189	0	0	0
k141_2552	8188	0	0	0
k141_947	1039	0	0	0
k141_9365	1337	0	0	0
k141_5842	2039	0	0	0
k141_7675	1690	0	0	0
k141_4086	2098	0	0	0
k141_2554	1437	0	0	0
k141_13257	9519	0	0	0
k141_948	2351	0	0	0
k141_4087	1435	0	0	0
k141_9369	1297	0	0	0
k141_5843	2574	0	0	0
k141_13259	1024	0	0	0
k141_2557	1138	0	0	0
k141_7677	3173	0	0	0
k141_949	2923	0	0	0
k141_2561	1112	0	0	0
k141_9371	4182	0	0	0
k141_7680	3622	0	0	0
k141_950	4760	0	0	0
k141_9372	2339	0	0	0
k141_13260	6815	0	0	0
k141_2562	4069	0	0	0
k141_4088	8194	0	0	0
k141_951	1502	0	0	0
k141_2563	1135	0	0	0
k141_13261	1194	0	0	0
k141_4089	1343	0	0	0
k141_9373	1958	0	0	0
k141_7684	2388	0	0	0
k141_13262	1487	0	0	0
k141_2564	3975	0	0	0
k141_7685	2886	0	0	0
k141_952	5047	0	0	0
k141_2565	1096	0	0	0
k141_4090	4544	0	0	0
k141_7686	1458	0	0	0
k141_2567	1094	0	0	0
k141_2569	1009	0	0	0
k141_953	2558	0	0	0
k141_7687	1792	0	0	0
k141_4091	2700	0	0	0
k141_9375	6515	0	0	0
k141_2571	1299	0	0	0
k141_7688	1848	0	0	0
k141_2572	1202	0	0	0
k141_2573	1174	0	0	0
k141_4092	3288	0	0	0
k141_9377	2352	0	0	0
k141_7689	2852	0	0	0
k141_13263	10530	0	0	0
k141_2574	2226	0	0	0
k141_7691	1229	0	0	0
k141_2576	1755	0	0	0
k141_7692	1463	0	0	0
k141_13265	2254	0	0	0
k141_955	7577	0	0	0
k141_9379	4751	0	0	0
k141_13266	1461	0	0	0
k141_2577	2427	0	0	0
k141_9380	2078	0	0	0
k141_957	2958	0	0	0
k141_13268	1709	0	0	0
k141_9381	2310	0	0	0
k141_958	1402	0	0	0
k141_9382	1156	0	0	0
k141_7695	4887	0	0	0
k141_960	2926	0	0	0
k141_961	1307	0	0	0
k141_9386	1546	0	0	0
k141_962	1278	0	0	0
k141_2578	10778	0	0	0
k141_9387	3611	0	0	0
k141_13269	9307	0	0	0
k141_7696	9090	0	0	0
k141_9388	1740	0	0	0
k141_2579	3249	0	0	0
k141_9389	1546	0	0	0
k141_13270	2707	0	0	0
k141_2580	1261	0	0	0
k141_963	8080	0	0	0
k141_7697	4100	0	0	0
k141_9390	2445	0	0	0
k141_964	2414	0	0	0
k141_13271	3557	0	0	0
k141_2582	2189	0	0	0
k141_7699	2241	0	0	0
k141_965	2424	0	0	0
k141_7701	1786	0	0	0
k141_9391	5669	0	0	0
k141_966	2291	0	0	0
k141_2583	4456	0	0	0
k141_13272	5215	0	0	0
k141_967	1339	0	0	0
k141_9392	3188	0	0	0
k141_2589	1159	0	0	0
k141_13273	3317	0	0	0
k141_13274	1302	0	0	0
k141_7703	6572	0	0	0
k141_2590	2736	0	0	0
k141_968	5635	0	0	0
k141_2591	1124	0	0	0
k141_969	1216	0	0	0
k141_13275	2506	0	0	0
k141_970	1591	0	0	0
k141_7705	2814	0	0	0
k141_13276	1783	0	0	0
k141_9393	6909	0	0	0
k141_13277	2003	0	0	0
k141_7708	3762	0	0	0
k141_9394	4795	0	0	0
k141_971	6517	0	0	0
k141_13278	4557	0	0	0
k141_4097	45090	0	0	0
k141_7709	2866	0	0	0
k141_13279	1874	0	0	0
k141_2592	11828	0	0	0
k141_4098	1387	0	0	0
k141_13280	1459	0	0	0
k141_9395	5271	0	0	0
k141_972	4589	0	0	0
k141_7711	4168	0	0	0
k141_973	1216	0	0	0
k141_13281	2983	0	0	0
k141_7712	1499	0	0	0
k141_975	1212	0	0	0
k141_2593	5799	0	0	0
k141_976	1564	0	0	0
k141_4099	6936	0	0	0
k141_7713	3299	0	0	0
k141_13282	4259	0	0	0
k141_13283	1983	0	0	0
k141_4100	3180	0	0	0
k141_7716	2160	0	0	0
k141_4101	2975	0	0	0
k141_7717	2116	0	0	0
k141_13285	3702	0	0	0
k141_4102	2135	0	0	0
k141_977	8860	0	0	0
k141_4104	3928	0	0	0
k141_4105	1230	0	0	0
k141_13286	6497	0	0	0
k141_978	6122	0	0	0
k141_13287	1168	0	0	0
k141_7719	8246	0	0	0
k141_4106	3132	0	0	0
k141_4107	1092	0	0	0
k141_979	4057	0	0	0
k141_13288	3656	0	0	0
k141_980	1604	0	0	0
k141_7723	3090	0	0	0
k141_4108	4103	0	0	0
k141_4109	1282	0	0	0
k141_7724	2603	0	0	0
k141_4110	3741	0	0	0
k141_7731	1756	0	0	0
k141_4111	3117	0	0	0
k141_7732	1125	0	0	0
k141_4112	3638	0	0	0
k141_13289	19296	0	0	0
k141_981	20533	0	0	0
k141_9396	46808	0	0	0
k141_4118	5584	0	0	0
k141_13290	3782	0	0	0
k141_4119	1237	0	0	0
k141_7733	13019	0	0	0
k141_982	3688	0	0	0
k141_13291	2518	0	0	0
k141_9397	4189	0	0	0
k141_7735	2882	0	0	0
k141_983	3796	0	0	0
k141_9401	1004	0	0	0
k141_7737	2314	0	0	0
k141_984	1140	0	0	0
k141_13292	5455	0	0	0
k141_7739	1636	0	0	0
k141_986	1932	0	0	0
k141_13293	2145	0	0	0
k141_9405	2050	0	0	0
k141_7741	1398	0	0	0
k141_987	2185	0	0	0
k141_9406	1261	0	0	0
k141_7742	1124	0	0	0
k141_13296	2317	0	0	0
k141_9407	1337	0	0	0
k141_13297	1393	0	0	0
k141_992	1082	0	0	0
k141_7746	2375	0	0	0
k141_13299	1936	0	0	0
k141_9409	3855	0	0	0
k141_7748	2845	0	0	0
k141_9410	1840	0	0	0
k141_994	5245	0	0	0
k141_13303	2620	0	0	0
k141_9414	1203	0	0	0
k141_13304	1887	0	0	0
k141_7752	2403	0	0	0
k141_13305	1457	0	0	0
k141_9416	1805	0	0	0
k141_7753	1724	0	0	0
k141_13306	1295	0	0	0
k141_9417	1922	0	0	0
k141_996	5164	0	0	0
k141_9418	1153	0	0	0
k141_7755	3524	0	0	0
k141_9419	3071	0	0	0
k141_999	4265	0	0	0
k141_13308	6407	0	0	0
k141_4120	32136	0	0	0
k141_1000	1240	0	0	0
k141_4121	1055	0	0	0
k141_13309	1523	0	0	0
k141_1001	1902	0	0	0
k141_11277	385585	0	0	0
k141_9421	4937	0	0	0
k141_11278	1887	0	0	0
k141_1003	2432	0	0	0
k141_9422	2721	0	0	0
k141_13315	2125	0	0	0
k141_1004	1574	0	0	0
k141_9425	1392	0	0	0
k141_11280	2894	0	0	0
k141_1005	3179	0	0	0
k141_13316	3275	0	0	0
k141_11281	2625	0	0	0
k141_2594	87472	0	0	0
k141_9427	2903	0	0	0
k141_2595	4692	0	0	0
k141_13317	6497	0	0	0
k141_1008	5681	0	0	0
k141_1009	2157	0	0	0
k141_9428	9063	0	0	0
k141_2596	4859	0	0	0
k141_11285	8759	0	0	0
k141_4122	20457	0	0	0
k141_13320	4217	0	0	0
k141_11287	1291	0	0	0
k141_1011	3883	0	0	0
k141_4123	2210	0	0	0
k141_9429	3550	0	0	0
k141_11288	1287	0	0	0
k141_9430	1566	0	0	0
k141_11291	1295	0	0	0
k141_4126	2878	0	0	0
k141_1012	4459	0	0	0
k141_1013	1021	0	0	0
k141_4129	2414	0	0	0
k141_9431	4152	0	0	0
k141_2598	9512	0	0	0
k141_1016	1843	0	0	0
k141_4130	2639	0	0	0
k141_2599	1133	0	0	0
k141_1017	1284	0	0	0
k141_9432	3184	0	0	0
k141_2600	1046	0	0	0
k141_9434	1421	0	0	0
k141_9435	2606	0	0	0
k141_1018	5642	0	0	0
k141_2601	5951	0	0	0
k141_1021	1268	0	0	0
k141_9437	1606	0	0	0
k141_2602	2342	0	0	0
k141_1022	2414	0	0	0
k141_9438	2929	0	0	0
k141_1025	1182	0	0	0
k141_9439	1173	0	0	0
k141_1027	1576	0	0	0
k141_1028	1512	0	0	0
k141_2603	6857	0	0	0
k141_9441	4345	0	0	0
k141_9442	1187	0	0	0
k141_2604	3357	0	0	0
k141_1029	4788	0	0	0
k141_11292	26462	0	0	0
k141_1030	1004	0	0	0
k141_13321	30480	0	0	0
k141_13322	1327	0	0	0
k141_2606	2777	0	0	0
k141_11293	3108	0	0	0
k141_13323	2159	0	0	0
k141_1031	3771	0	0	0
k141_13324	2108	0	0	0
k141_11294	2929	0	0	0
k141_9443	10773	0	0	0
k141_11296	1313	0	0	0
k141_13325	2423	0	0	0
k141_1036	2579	0	0	0
k141_13327	1101	0	0	0
k141_2607	8568	0	0	0
k141_13328	1147	0	0	0
k141_9446	3359	0	0	0
k141_13329	1682	0	0	0
k141_11297	5930	0	0	0
k141_13330	1570	0	0	0
k141_13333	1104	0	0	0
k141_1038	9558	0	0	0
k141_4131	40980	0	0	0
k141_13337	3260	0	0	0
k141_1040	3584	0	0	0
k141_9448	11213	0	0	0
k141_9449	1884	0	0	0
k141_1041	4441	0	0	0
k141_9451	1494	0	0	0
k141_13338	7662	0	0	0
k141_4133	8791	0	0	0
k141_1042	4118	0	0	0
k141_1043	1056	0	0	0
k141_4134	4801	0	0	0
k141_9452	6883	0	0	0
k141_1046	2045	0	0	0
k141_9453	1520	0	0	0
k141_4136	1567	0	0	0
k141_4137	1171	0	0	0
k141_1047	5021	0	0	0
k141_9454	4332	0	0	0
k141_9455	1536	0	0	0
k141_5846	242905	0	0	0
k141_5847	1354	0	0	0
k141_9457	2850	0	0	0
k141_5848	2069	0	0	0
k141_5851	1960	0	0	0
k141_2610	37662	0	0	0
k141_9459	4653	0	0	0
k141_5852	1423	0	0	0
k141_5853	2006	0	0	0
k141_2613	1912	0	0	0
k141_9460	3434	0	0	0
k141_2614	2907	0	0	0
k141_9463	1169	0	0	0
k141_2615	2711	0	0	0
k141_9465	1626	0	0	0
k141_5856	5301	0	0	0
k141_2616	1388	0	0	0
k141_9468	1334	0	0	0
k141_13339	30833	0	0	0
k141_2617	4651	0	0	0
k141_2618	2503	0	0	0
k141_5860	6871	0	0	0
k141_5861	1823	0	0	0
k141_9469	10613	0	0	0
k141_2625	1471	0	0	0
k141_5863	1337	0	0	0
k141_1048	32887	0	0	0
k141_5864	1504	0	0	0
k141_9470	3164	0	0	0
k141_2626	3347	0	0	0
k141_4138	37503	0	0	0
k141_1049	2575	0	0	0
k141_5867	1213	0	0	0
k141_2627	1564	0	0	0
k141_9472	2151	0	0	0
k141_4140	1397	0	0	0
k141_5868	1890	0	0	0
k141_2628	2319	0	0	0
k141_9473	1781	0	0	0
k141_5869	1534	0	0	0
k141_2629	1365	0	0	0
k141_1050	4315	0	0	0
k141_9474	2173	0	0	0
k141_1051	1643	0	0	0
k141_4146	2591	0	0	0
k141_1052	1033	0	0	0
k141_5870	3668	0	0	0
k141_2633	2355	0	0	0
k141_4149	1238	0	0	0
k141_2634	2015	0	0	0
k141_1053	4262	0	0	0
k141_5872	3720	0	0	0
k141_4152	2754	0	0	0
k141_4153	1219	0	0	0
k141_9475	8970	0	0	0
k141_1054	3533	0	0	0
k141_1055	2685	0	0	0
k141_2637	6461	0	0	0
k141_4159	2132	0	0	0
k141_1056	2030	0	0	0
k141_4160	1571	0	0	0
k141_2639	1329	0	0	0
k141_2640	1364	0	0	0
k141_4161	1685	0	0	0
k141_9477	6966	0	0	0
k141_4162	2098	0	0	0
k141_9479	2386	0	0	0
k141_4163	1262	0	0	0
k141_5874	12686	0	0	0
k141_2643	3611	0	0	0
k141_1057	6657	0	0	0
k141_5875	2464	0	0	0
k141_13340	40025	0	0	0
k141_9480	3650	0	0	0
k141_2644	2902	0	0	0
k141_4164	4807	0	0	0
k141_9481	2207	0	0	0
k141_2645	1850	0	0	0
k141_4165	2962	0	0	0
k141_2646	2303	0	0	0
k141_1062	5353	0	0	0
k141_9482	2747	0	0	0
k141_7756	160080	0	0	0
k141_9483	1060	0	0	0
k141_2647	1850	0	0	0
k141_4166	2264	0	0	0
k141_1063	2198	0	0	0
k141_9486	2351	0	0	0
k141_1066	2344	0	0	0
k141_4173	1572	0	0	0
k141_2649	4143	0	0	0
k141_7757	5101	0	0	0
k141_9487	1861	0	0	0
k141_2651	1104	0	0	0
k141_1067	2072	0	0	0
k141_9488	1583	0	0	0
k141_4174	2263	0	0	0
k141_1068	1424	0	0	0
k141_9489	2035	0	0	0
k141_4176	1328	0	0	0
k141_1070	1261	0	0	0
k141_7758	4771	0	0	0
k141_4177	1266	0	0	0
k141_2652	4296	0	0	0
k141_7759	1615	0	0	0
k141_1071	2441	0	0	0
k141_4178	1730	0	0	0
k141_7760	1820	0	0	0
k141_1073	1048	0	0	0
k141_1075	1289	0	0	0
k141_2656	3670	0	0	0
k141_9490	7590	0	0	0
k141_9491	1141	0	0	0
k141_2657	1610	0	0	0
k141_7763	3222	0	0	0
k141_7764	1514	0	0	0
k141_9493	3056	0	0	0
k141_7766	1303	0	0	0
k141_5876	28449	0	0	0
k141_9495	1422	0	0	0
k141_5877	1100	0	0	0
k141_7767	2596	0	0	0
k141_9496	3598	0	0	0
k141_7768	3049	0	0	0
k141_5878	3724	0	0	0
k141_5879	1422	0	0	0
k141_7770	1575	0	0	0
k141_5880	2400	0	0	0
k141_9498	4915	0	0	0
k141_7771	3939	0	0	0
k141_4179	21304	0	0	0
k141_9499	2946	0	0	0
k141_4181	1040	0	0	0
k141_5881	4615	0	0	0
k141_7772	2405	0	0	0
k141_9500	1379	0	0	0
k141_4182	1513	0	0	0
k141_9502	1684	0	0	0
k141_13341	41671	0	0	0
k141_4186	2145	0	0	0
k141_13342	1893	0	0	0
k141_7774	5789	0	0	0
k141_9504	4886	0	0	0
k141_5882	8517	0	0	0
k141_4187	4063	0	0	0
k141_9506	3197	0	0	0
k141_4188	2539	0	0	0
k141_7775	8115	0	0	0
k141_9507	3417	0	0	0
k141_5883	7753	0	0	0
k141_9509	1512	0	0	0
k141_9511	1017	0	0	0
k141_4189	7276	0	0	0
k141_5886	2236	0	0	0
k141_7776	6523	0	0	0
k141_5887	1782	0	0	0
k141_4190	2801	0	0	0
k141_9512	3509	0	0	0
k141_9513	1422	0	0	0
k141_7777	2298	0	0	0
k141_5892	1168	0	0	0
k141_7778	1617	0	0	0
k141_9514	1928	0	0	0
k141_5893	1867	0	0	0
k141_4193	3900	0	0	0
k141_9515	1209	0	0	0
k141_7782	2789	0	0	0
k141_9516	2156	0	0	0
k141_7783	1364	0	0	0
k141_9518	1065	0	0	0
k141_7784	2134	0	0	0
k141_9519	1795	0	0	0
k141_5894	7458	0	0	0
k141_9520	2604	0	0	0
k141_5895	1073	0	0	0
k141_5896	3514	0	0	0
k141_9521	3796	0	0	0
k141_5897	2262	0	0	0
k141_7785	9075	0	0	0
k141_7786	1230	0	0	0
k141_4195	19499	0	0	0
k141_7788	4460	0	0	0
k141_5899	6645	0	0	0
k141_7789	1740	0	0	0
k141_5900	1842	0	0	0
k141_4197	3282	0	0	0
k141_7790	2101	0	0	0
k141_4198	2256	0	0	0
k141_5902	2904	0	0	0
k141_2658	71732	0	0	0
k141_7791	2923	0	0	0
k141_5903	1794	0	0	0
k141_4200	2453	0	0	0
k141_2659	2248	0	0	0
k141_5905	2510	0	0	0
k141_2662	1007	0	0	0
k141_4201	2528	0	0	0
k141_5907	1782	0	0	0
k141_7795	3670	0	0	0
k141_4202	4602	0	0	0
k141_2664	4761	0	0	0
k141_7798	3053	0	0	0
k141_2666	1151	0	0	0
k141_4203	2051	0	0	0
k141_7799	1821	0	0	0
k141_5908	5460	0	0	0
k141_2667	2662	0	0	0
k141_4205	2660	0	0	0
k141_4206	1658	0	0	0
k141_2670	1258	0	0	0
k141_4208	1414	0	0	0
k141_7801	5287	0	0	0
k141_2672	2175	0	0	0
k141_4209	2697	0	0	0
k141_5909	8153	0	0	0
k141_2673	2025	0	0	0
k141_2674	1022	0	0	0
k141_5910	2107	0	0	0
k141_7802	5068	0	0	0
k141_7803	1597	0	0	0
k141_2675	4352	0	0	0
k141_5911	4201	0	0	0
k141_2677	1353	0	0	0
k141_4211	9107	0	0	0
k141_5913	1946	0	0	0
k141_2678	2619	0	0	0
k141_7804	6221	0	0	0
k141_2680	1468	0	0	0
k141_5914	2536	0	0	0
k141_4212	3209	0	0	0
k141_7805	1601	0	0	0
k141_5915	2051	0	0	0
k141_5916	1015	0	0	0
k141_2681	3390	0	0	0
k141_5917	1618	0	0	0
k141_7806	4040	0	0	0
k141_2683	1952	0	0	0
k141_7807	2732	0	0	0
k141_5919	2968	0	0	0
k141_7808	1896	0	0	0
k141_2688	1619	0	0	0
k141_9522	55546	0	0	0
k141_7809	2434	0	0	0
k141_9523	2348	0	0	0
k141_5920	4428	0	0	0
k141_2693	1437	0	0	0
k141_9524	2871	0	0	0
k141_2694	3852	0	0	0
k141_7810	5345	0	0	0
k141_5921	5083	0	0	0
k141_7811	1006	0	0	0
k141_9526	3296	0	0	0
k141_5923	1154	0	0	0
k141_9527	1017	0	0	0
k141_7812	3563	0	0	0
k141_5924	2957	0	0	0
k141_2695	5329	0	0	0
k141_7813	1524	0	0	0
k141_5925	1086	0	0	0
k141_5926	1753	0	0	0
k141_7815	1132	0	0	0
k141_2696	3575	0	0	0
k141_9528	6546	0	0	0
k141_7816	1998	0	0	0
k141_5927	3187	0	0	0
k141_9529	2241	0	0	0
k141_7817	1669	0	0	0
k141_9530	1563	0	0	0
k141_7818	1536	0	0	0
k141_9531	1236	0	0	0
k141_2697	5390	0	0	0
k141_13346	106813	0	0	0
k141_7821	1688	0	0	0
k141_13347	1786	0	0	0
k141_2699	2358	0	0	0
k141_13348	1612	0	0	0
k141_2700	1009	0	0	0
k141_5928	6888	0	0	0
k141_9532	4673	0	0	0
k141_2701	1456	0	0	0
k141_13349	1846	0	0	0
k141_2702	1193	0	0	0
k141_5930	1988	0	0	0
k141_2703	1743	0	0	0
k141_5931	2426	0	0	0
k141_9533	4279	0	0	0
k141_5932	2197	0	0	0
k141_9534	1941	0	0	0
k141_2707	1446	0	0	0
k141_13350	6222	0	0	0
k141_5933	1589	0	0	0
k141_9536	1834	0	0	0
k141_5934	1084	0	0	0
k141_2709	2277	0	0	0
k141_9538	2163	0	0	0
k141_5935	2977	0	0	0
k141_9539	1061	0	0	0
k141_2710	3803	0	0	0
k141_5936	1824	0	0	0
k141_9540	1712	0	0	0
k141_13351	7341	0	0	0
k141_2711	2358	0	0	0
k141_5937	2343	0	0	0
k141_5938	1021	0	0	0
k141_2712	1701	0	0	0
k141_13353	2662	0	0	0
k141_9544	3046	0	0	0
k141_5941	1173	0	0	0
k141_2714	2377	0	0	0
k141_13354	1287	0	0	0
k141_2715	1356	0	0	0
k141_13356	1197	0	0	0
k141_2716	1272	0	0	0
k141_9548	3053	0	0	0
k141_13357	3386	0	0	0
k141_2717	4068	0	0	0
k141_13358	1353	0	0	0
k141_9549	3473	0	0	0
k141_13360	1988	0	0	0
k141_9551	1290	0	0	0
k141_2718	3029	0	0	0
k141_2719	1796	0	0	0
k141_2720	1264	0	0	0
k141_13361	3968	0	0	0
k141_5943	13336	0	0	0
k141_2721	1377	0	0	0
k141_13362	2188	0	0	0
k141_2722	1790	0	0	0
k141_5944	3913	0	0	0
k141_2723	1869	0	0	0
k141_13363	2475	0	0	0
k141_2725	2835	0	0	0
k141_5945	8375	0	0	0
k141_13364	4240	0	0	0
k141_13365	1155	0	0	0
k141_5947	2588	0	0	0
k141_13366	1152	0	0	0
k141_2726	11472	0	0	0
k141_13368	2150	0	0	0
k141_2728	1669	0	0	0
k141_2729	1356	0	0	0
k141_9552	26966	0	0	0
k141_2730	1881	0	0	0
k141_2731	2231	0	0	0
k141_9553	4253	0	0	0
k141_4213	95502	0	0	0
k141_4214	1046	0	0	0
k141_2732	2935	0	0	0
k141_9554	4418	0	0	0
k141_9555	1075	0	0	0
k141_2733	4228	0	0	0
k141_4220	1763	0	0	0
k141_2734	1198	0	0	0
k141_2735	2308	0	0	0
k141_9556	4439	0	0	0
k141_2737	1383	0	0	0
k141_9557	4001	0	0	0
k141_4221	7937	0	0	0
k141_7822	74784	0	0	0
k141_7823	1862	0	0	0
k141_9559	3426	0	0	0
k141_4222	4034	0	0	0
k141_2739	6975	0	0	0
k141_9560	3401	0	0	0
k141_2741	2430	0	0	0
k141_9561	2796	0	0	0
k141_7825	5835	0	0	0
k141_4223	5578	0	0	0
k141_2743	2598	0	0	0
k141_4224	1522	0	0	0
k141_2744	1399	0	0	0
k141_7826	2923	0	0	0
k141_1078	225026	0	0	0
k141_2745	3192	0	0	0
k141_7827	3597	0	0	0
k141_1080	1032	0	0	0
k141_9563	7490	0	0	0
k141_7828	2171	0	0	0
k141_4225	7627	0	0	0
k141_2746	3115	0	0	0
k141_4226	1850	0	0	0
k141_9565	3310	0	0	0
k141_2747	4053	0	0	0
k141_4227	4342	0	0	0
k141_2748	1866	0	0	0
k141_1081	10315	0	0	0
k141_4229	2466	0	0	0
k141_7829	10222	0	0	0
k141_1082	1813	0	0	0
k141_4231	1724	0	0	0
k141_7830	1789	0	0	0
k141_5951	53405	0	0	0
k141_1083	1896	0	0	0
k141_4233	1073	0	0	0
k141_7831	1886	0	0	0
k141_1084	4029	0	0	0
k141_5952	4033	0	0	0
k141_4234	3948	0	0	0
k141_4235	1231	0	0	0
k141_1085	3838	0	0	0
k141_5954	4151	0	0	0
k141_7837	6755	0	0	0
k141_1088	1635	0	0	0
k141_7838	1303	0	0	0
k141_5956	3480	0	0	0
k141_5957	1178	0	0	0
k141_1089	3093	0	0	0
k141_4237	7901	0	0	0
k141_5958	1793	0	0	0
k141_1090	1735	0	0	0
k141_7839	3541	0	0	0
k141_5959	1523	0	0	0
k141_1091	1418	0	0	0
k141_4238	3097	0	0	0
k141_7840	2059	0	0	0
k141_4239	1029	0	0	0
k141_1092	1751	0	0	0
k141_7841	2063	0	0	0
k141_4240	1866	0	0	0
k141_5960	4059	0	0	0
k141_1093	2507	0	0	0
k141_4241	1354	0	0	0
k141_7843	1692	0	0	0
k141_4242	1647	0	0	0
k141_5961	2092	0	0	0
k141_7844	4616	0	0	0
k141_4244	3177	0	0	0
k141_7845	1093	0	0	0
k141_5963	4115	0	0	0
k141_4245	1507	0	0	0
k141_7846	3928	0	0	0
k141_4249	4331	0	0	0
k141_4250	1350	0	0	0
k141_7847	4151	0	0	0
k141_5964	8877	0	0	0
k141_4251	3042	0	0	0
k141_4252	1207	0	0	0
k141_5965	1573	0	0	0
k141_7848	3697	0	0	0
k141_5966	2144	0	0	0
k141_4253	3312	0	0	0
k141_7849	2551	0	0	0
k141_1094	21451	0	0	0
k141_4254	2204	0	0	0
k141_5968	2620	0	0	0
k141_1095	1019	0	0	0
k141_7850	1736	0	0	0
k141_5969	1572	0	0	0
k141_7851	2862	0	0	0
k141_5970	2354	0	0	0
k141_2749	53161	0	0	0
k141_4255	4307	0	0	0
k141_1096	3622	0	0	0
k141_7852	1918	0	0	0
k141_4256	1177	0	0	0
k141_5971	2274	0	0	0
k141_1099	1136	0	0	0
k141_2751	1564	0	0	0
k141_4258	1398	0	0	0
k141_7854	1730	0	0	0
k141_1100	2312	0	0	0
k141_4260	1109	0	0	0
k141_5972	2758	0	0	0
k141_2752	3900	0	0	0
k141_4261	2262	0	0	0
k141_7856	2793	0	0	0
k141_5973	2293	0	0	0
k141_2753	2078	0	0	0
k141_7857	2254	0	0	0
k141_4262	2775	0	0	0
k141_2756	1360	0	0	0
k141_5979	2421	0	0	0
k141_7858	3384	0	0	0
k141_4264	3329	0	0	0
k141_5980	3135	0	0	0
k141_1101	10031	0	0	0
k141_4265	3315	0	0	0
k141_4266	1514	0	0	0
k141_2761	7043	0	0	0
k141_5982	4639	0	0	0
k141_4267	2211	0	0	0
k141_1102	5953	0	0	0
k141_5983	1518	0	0	0
k141_2762	1916	0	0	0
k141_1103	1382	0	0	0
k141_4268	1640	0	0	0
k141_4269	1072	0	0	0
k141_1104	2448	0	0	0
k141_4270	1589	0	0	0
k141_4271	1074	0	0	0
k141_1105	2180	0	0	0
k141_4273	1195	0	0	0
k141_2765	7602	0	0	0
k141_4274	3461	0	0	0
k141_5984	9519	0	0	0
k141_2767	1094	0	0	0
k141_4275	1047	0	0	0
k141_5986	1083	0	0	0
k141_4276	2040	0	0	0
k141_2768	3384	0	0	0
k141_5987	2707	0	0	0
k141_5988	1023	0	0	0
k141_2769	2100	0	0	0
k141_1106	11018	0	0	0
k141_5989	2034	0	0	0
k141_1107	1763	0	0	0
k141_5990	1661	0	0	0
k141_2771	2794	0	0	0
k141_5991	1579	0	0	0
k141_1109	1370	0	0	0
k141_2772	1463	0	0	0
k141_4280	7764	0	0	0
k141_2773	1933	0	0	0
k141_5995	1245	0	0	0
k141_4282	1285	0	0	0
k141_2774	2481	0	0	0
k141_4283	1474	0	0	0
k141_5996	3464	0	0	0
k141_2775	1845	0	0	0
k141_1110	9953	0	0	0
k141_4284	5512	0	0	0
k141_2776	4025	0	0	0
k141_1111	1403	0	0	0
k141_4285	1403	0	0	0
k141_4288	2285	0	0	0
k141_1114	2405	0	0	0
k141_4289	2767	0	0	0
k141_1115	4107	0	0	0
k141_4290	2521	0	0	0
k141_4291	1863	0	0	0
k141_4292	1602	0	0	0
k141_1116	4035	0	0	0
k141_4294	3526	0	0	0
k141_2777	18898	0	0	0
k141_2778	1753	0	0	0
k141_2779	2619	0	0	0
k141_2780	1270	0	0	0
k141_4298	6226	0	0	0
k141_2781	1059	0	0	0
k141_4299	1284	0	0	0
k141_2782	2294	0	0	0
k141_1117	16582	0	0	0
k141_2783	3147	0	0	0
k141_4305	3174	0	0	0
k141_1118	1767	0	0	0
k141_9566	139816	0	0	0
k141_4310	2460	0	0	0
k141_1119	3845	0	0	0
k141_2785	4505	0	0	0
k141_1120	1296	0	0	0
k141_9567	3486	0	0	0
k141_4311	2657	0	0	0
k141_1121	1517	0	0	0
k141_4313	1030	0	0	0
k141_2788	2327	0	0	0
k141_9570	1640	0	0	0
k141_1122	2348	0	0	0
k141_2789	1776	0	0	0
k141_1123	1390	0	0	0
k141_4316	1552	0	0	0
k141_4317	1690	0	0	0
k141_1124	1777	0	0	0
k141_2790	4340	0	0	0
k141_1125	2105	0	0	0
k141_1126	1244	0	0	0
k141_2792	1718	0	0	0
k141_9571	8458	0	0	0
k141_1127	1671	0	0	0
k141_2793	2122	0	0	0
k141_4318	7491	0	0	0
k141_4319	1338	0	0	0
k141_9572	5955	0	0	0
k141_4322	1395	0	0	0
k141_2795	5079	0	0	0
k141_4323	2779	0	0	0
k141_2796	3959	0	0	0
k141_4325	1827	0	0	0
k141_1131	10948	0	0	0
k141_1132	1774	0	0	0
k141_2797	3927	0	0	0
k141_4326	5290	0	0	0
k141_9573	11078	0	0	0
k141_4327	1665	0	0	0
k141_1133	4400	0	0	0
k141_1134	1380	0	0	0
k141_4329	5936	0	0	0
k141_4330	2006	0	0	0
k141_4331	7254	0	0	0
k141_4332	1430	0	0	0
k141_4336	2083	0	0	0
k141_4337	2538	0	0	0
k141_4339	3420	0	0	0
k141_4340	2292	0	0	0
k141_4341	3893	0	0	0
k141_4342	3270	0	0	0
k141_4343	1771	0	0	0
k141_1136	35463	0	0	0
k141_1137	1399	0	0	0
k141_4344	2056	0	0	0
k141_1138	1193	0	0	0
k141_1139	1417	0	0	0
k141_1140	1068	0	0	0
k141_4345	3432	0	0	0
k141_4346	4313	0	0	0
k141_4348	1396	0	0	0
k141_4349	1841	0	0	0
k141_4350	1049	0	0	0
k141_9574	54890	0	0	0
k141_13369	259362	0	0	0
k141_4352	2763	0	0	0
k141_9575	1050	0	0	0
k141_11299	572139	0	0	0
k141_1143	13747	0	0	0
k141_7860	156395	0	0	0
k141_4354	1058	0	0	0
k141_1145	1328	0	0	0
k141_11300	1841	0	0	0
k141_7861	2086	0	0	0
k141_11301	1377	0	0	0
k141_9578	3144	0	0	0
k141_11302	1985	0	0	0
k141_7863	3604	0	0	0
k141_4357	1570	0	0	0
k141_1146	5454	0	0	0
k141_13370	6194	0	0	0
k141_9580	2975	0	0	0
k141_11305	1219	0	0	0
k141_13371	1117	0	0	0
k141_4360	1508	0	0	0
k141_1151	1110	0	0	0
k141_13372	2395	0	0	0
k141_7865	4512	0	0	0
k141_7866	2392	0	0	0
k141_4361	4176	0	0	0
k141_7867	1014	0	0	0
k141_11306	7112	0	0	0
k141_9581	7717	0	0	0
k141_1152	5897	0	0	0
k141_4363	1257	0	0	0
k141_13373	4762	0	0	0
k141_1153	1174	0	0	0
k141_9583	1036	0	0	0
k141_11307	2942	0	0	0
k141_13376	1292	0	0	0
k141_7871	1999	0	0	0
k141_9584	1471	0	0	0
k141_11308	2533	0	0	0
k141_1155	3394	0	0	0
k141_4364	5212	0	0	0
k141_7873	2454	0	0	0
k141_13377	3345	0	0	0
k141_7874	1768	0	0	0
k141_4365	2195	0	0	0
k141_4366	1842	0	0	0
k141_13378	3730	0	0	0
k141_13379	1957	0	0	0
k141_11309	7086	0	0	0
k141_4367	2736	0	0	0
k141_7875	4566	0	0	0
k141_11310	1024	0	0	0
k141_13381	1049	0	0	0
k141_9586	9842	0	0	0
k141_4368	1332	0	0	0
k141_11311	2020	0	0	0
k141_11312	1381	0	0	0
k141_7876	4059	0	0	0
k141_13383	3051	0	0	0
k141_9588	4276	0	0	0
k141_13386	1416	0	0	0
k141_4369	5548	0	0	0
k141_7877	2783	0	0	0
k141_11313	3319	0	0	0
k141_11314	1146	0	0	0
k141_4370	1756	0	0	0
k141_13389	1960	0	0	0
k141_4372	1096	0	0	0
k141_9591	3742	0	0	0
k141_11318	1185	0	0	0
k141_7880	3227	0	0	0
k141_4373	1615	0	0	0
k141_9592	1927	0	0	0
k141_9593	1045	0	0	0
k141_13394	1809	0	0	0
k141_4374	2548	0	0	0
k141_7881	2879	0	0	0
k141_9594	1419	0	0	0
k141_13395	2353	0	0	0
k141_7882	2233	0	0	0
k141_9596	1226	0	0	0
k141_5997	169616	0	0	0
k141_4376	3352	0	0	0
k141_13396	1748	0	0	0
k141_11319	6916	0	0	0
k141_11320	1260	0	0	0
k141_6002	1507	0	0	0
k141_4379	1767	0	0	0
k141_11321	2655	0	0	0
k141_9597	5443	0	0	0
k141_11322	3093	0	0	0
k141_11323	1101	0	0	0
k141_4380	5671	0	0	0
k141_11324	1442	0	0	0
k141_9599	5150	0	0	0
k141_11325	1687	0	0	0
k141_11326	1243	0	0	0
k141_4385	4400	0	0	0
k141_4386	1396	0	0	0
k141_7884	14849	0	0	0
k141_6003	13408	0	0	0
k141_7885	1187	0	0	0
k141_4387	1463	0	0	0
k141_6004	1070	0	0	0
k141_9601	8490	0	0	0
k141_6005	2657	0	0	0
k141_4388	3959	0	0	0
k141_7888	2930	0	0	0
k141_9602	2563	0	0	0
k141_6008	1390	0	0	0
k141_9603	1036	0	0	0
k141_11328	10140	0	0	0
k141_7889	2371	0	0	0
k141_1156	46562	0	0	0
k141_9604	1054	0	0	0
k141_6010	1746	0	0	0
k141_9605	1184	0	0	0
k141_4389	4742	0	0	0
k141_9606	1204	0	0	0
k141_7890	2536	0	0	0
k141_1157	3543	0	0	0
k141_11331	3080	0	0	0
k141_4390	1980	0	0	0
k141_9607	2033	0	0	0
k141_6013	3386	0	0	0
k141_1158	1245	0	0	0
k141_9608	1128	0	0	0
k141_4392	1370	0	0	0
k141_1159	1608	0	0	0
k141_6014	2016	0	0	0
k141_9609	1962	0	0	0
k141_6015	1338	0	0	0
k141_4395	1611	0	0	0
k141_6016	2036	0	0	0
k141_1161	2904	0	0	0
k141_7898	4292	0	0	0
k141_4396	1627	0	0	0
k141_9611	2678	0	0	0
k141_6017	1132	0	0	0
k141_6018	2232	0	0	0
k141_7899	3044	0	0	0
k141_7900	1233	0	0	0
k141_7901	1021	0	0	0
k141_4397	5458	0	0	0
k141_9612	6194	0	0	0
k141_11332	13018	0	0	0
k141_4398	1538	0	0	0
k141_6019	5423	0	0	0
k141_7903	3044	0	0	0
k141_11333	1999	0	0	0
k141_1162	8974	0	0	0
k141_7905	1212	0	0	0
k141_6020	2791	0	0	0
k141_4399	5037	0	0	0
k141_7906	1558	0	0	0
k141_11335	4729	0	0	0
k141_4402	2073	0	0	0
k141_6023	3653	0	0	0
k141_1163	6589	0	0	0
k141_9615	8073	0	0	0
k141_11336	1902	0	0	0
k141_11337	1017	0	0	0
k141_1165	1862	0	0	0
k141_9617	1962	0	0	0
k141_7909	4796	0	0	0
k141_6024	3377	0	0	0
k141_9618	1367	0	0	0
k141_11339	1855	0	0	0
k141_9619	1576	0	0	0
k141_1168	2250	0	0	0
k141_6028	1375	0	0	0
k141_4405	6035	0	0	0
k141_6030	1085	0	0	0
k141_1170	2168	0	0	0
k141_6031	1913	0	0	0
k141_4406	3255	0	0	0
k141_1171	2062	0	0	0
k141_9621	6656	0	0	0
k141_1172	2181	0	0	0
k141_7914	8714	0	0	0
k141_6032	4920	0	0	0
k141_4407	5055	0	0	0
k141_4408	1068	0	0	0
k141_1174	3356	0	0	0
k141_4409	1416	0	0	0
k141_11340	15093	0	0	0
k141_13398	65026	0	0	0
k141_4410	2158	0	0	0
k141_7915	5985	0	0	0
k141_1175	4548	0	0	0
k141_13399	2488	0	0	0
k141_4415	1380	0	0	0
k141_7916	2999	0	0	0
k141_11341	4681	0	0	0
k141_13400	1816	0	0	0
k141_1178	1388	0	0	0
k141_7917	1109	0	0	0
k141_4416	1992	0	0	0
k141_13401	2162	0	0	0
k141_4417	1728	0	0	0
k141_13402	1255	0	0	0
k141_7920	1757	0	0	0
k141_1181	3393	0	0	0
k141_1182	1062	0	0	0
k141_13403	2977	0	0	0
k141_4418	3989	0	0	0
k141_1183	1210	0	0	0
k141_11343	6247	0	0	0
k141_7921	4511	0	0	0
k141_6033	17121	0	0	0
k141_1184	1337	0	0	0
k141_4419	1911	0	0	0
k141_11344	2289	0	0	0
k141_7922	1772	0	0	0
k141_4420	1375	0	0	0
k141_6035	1514	0	0	0
k141_4421	1232	0	0	0
k141_4422	1827	0	0	0
k141_13404	6348	0	0	0
k141_1186	4607	0	0	0
k141_7924	3490	0	0	0
k141_11345	5304	0	0	0
k141_6037	3762	0	0	0
k141_13406	1893	0	0	0
k141_1187	3342	0	0	0
k141_4423	4042	0	0	0
k141_6038	2503	0	0	0
k141_11346	2919	0	0	0
k141_13408	1723	0	0	0
k141_11347	1484	0	0	0
k141_1188	2374	0	0	0
k141_7927	4188	0	0	0
k141_6039	2753	0	0	0
k141_1189	1178	0	0	0
k141_7928	1555	0	0	0
k141_11349	2791	0	0	0
k141_4425	4679	0	0	0
k141_4426	1558	0	0	0
k141_6040	3881	0	0	0
k141_13409	5825	0	0	0
k141_7931	1843	0	0	0
k141_11351	1530	0	0	0
k141_1192	4217	0	0	0
k141_13410	1155	0	0	0
k141_6042	1380	0	0	0
k141_4428	1615	0	0	0
k141_13411	1555	0	0	0
k141_1194	1141	0	0	0
k141_7933	2935	0	0	0
k141_6043	3121	0	0	0
k141_4430	2983	0	0	0
k141_6044	1277	0	0	0
k141_13412	3336	0	0	0
k141_1195	3482	0	0	0
k141_4431	1753	0	0	0
k141_1196	1131	0	0	0
k141_6045	2038	0	0	0
k141_7934	4384	0	0	0
k141_13414	2627	0	0	0
k141_4432	3668	0	0	0
k141_1197	4702	0	0	0
k141_6046	4306	0	0	0
k141_13415	3874	0	0	0
k141_6047	1625	0	0	0
k141_4433	4095	0	0	0
k141_4434	1590	0	0	0
k141_6048	2200	0	0	0
k141_7935	7763	0	0	0
k141_11352	16480	0	0	0
k141_1198	5690	0	0	0
k141_4436	1645	0	0	0
k141_7937	2083	0	0	0
k141_6050	2334	0	0	0
k141_4438	1436	0	0	0
k141_1200	1629	0	0	0
k141_6051	1426	0	0	0
k141_11354	2944	0	0	0
k141_7938	3196	0	0	0
k141_6052	2216	0	0	0
k141_4439	2906	0	0	0
k141_11356	3064	0	0	0
k141_6053	1871	0	0	0
k141_4441	2156	0	0	0
k141_11357	1471	0	0	0
k141_7943	2111	0	0	0
k141_1201	6429	0	0	0
k141_13417	12942	0	0	0
k141_11358	1596	0	0	0
k141_4442	2736	0	0	0
k141_7945	1989	0	0	0
k141_13418	2393	0	0	0
k141_11359	2451	0	0	0
k141_1205	1523	0	0	0
k141_6055	5687	0	0	0
k141_7948	1435	0	0	0
k141_4444	2603	0	0	0
k141_1206	2790	0	0	0
k141_13422	2607	0	0	0
k141_13423	1160	0	0	0
k141_11364	4197	0	0	0
k141_1208	3240	0	0	0
k141_13424	2597	0	0	0
k141_4446	5214	0	0	0
k141_13425	1158	0	0	0
k141_4447	1331	0	0	0
k141_11368	3324	0	0	0
k141_13427	1644	0	0	0
k141_7949	8348	0	0	0
k141_11369	1391	0	0	0
k141_1209	4042	0	0	0
k141_7950	2262	0	0	0
k141_1211	1475	0	0	0
k141_4448	4024	0	0	0
k141_1212	1410	0	0	0
k141_11373	3281	0	0	0
k141_1213	1713	0	0	0
k141_7951	3328	0	0	0
k141_6059	13823	0	0	0
k141_11375	2349	0	0	0
k141_4449	4876	0	0	0
k141_11376	1535	0	0	0
k141_6060	3379	0	0	0
k141_1215	4323	0	0	0
k141_7952	4691	0	0	0
k141_11380	1342	0	0	0
k141_6061	2470	0	0	0
k141_13428	11975	0	0	0
k141_4450	5361	0	0	0
k141_1217	3829	0	0	0
k141_13430	1444	0	0	0
k141_4451	2690	0	0	0
k141_13432	1283	0	0	0
k141_4452	1070	0	0	0
k141_11382	4663	0	0	0
k141_7954	6455	0	0	0
k141_4453	1316	0	0	0
k141_6062	6285	0	0	0
k141_11385	1171	0	0	0
k141_7955	1424	0	0	0
k141_1218	4938	0	0	0
k141_4454	2250	0	0	0
k141_6063	2680	0	0	0
k141_1219	1913	0	0	0
k141_7957	1448	0	0	0
k141_13433	6183	0	0	0
k141_7958	1501	0	0	0
k141_6064	3949	0	0	0
k141_4457	4822	0	0	0
k141_11387	7124	0	0	0
k141_6065	1514	0	0	0
k141_13436	3167	0	0	0
k141_4458	1864	0	0	0
k141_7959	4929	0	0	0
k141_11388	2022	0	0	0
k141_7960	1213	0	0	0
k141_6067	2439	0	0	0
k141_1221	7093	0	0	0
k141_11389	1364	0	0	0
k141_4460	1264	0	0	0
k141_1223	1105	0	0	0
k141_11390	2061	0	0	0
k141_6068	3537	0	0	0
k141_4465	2601	0	0	0
k141_13437	6988	0	0	0
k141_1228	1012	0	0	0
k141_6069	2736	0	0	0
k141_1229	1503	0	0	0
k141_13438	2582	0	0	0
k141_1230	1444	0	0	0
k141_13440	1414	0	0	0
k141_6070	3121	0	0	0
k141_4467	3732	0	0	0
k141_1231	2809	0	0	0
k141_6071	2324	0	0	0
k141_4468	2881	0	0	0
k141_11391	10212	0	0	0
k141_4469	1995	0	0	0
k141_13442	4288	0	0	0
k141_1232	3865	0	0	0
k141_11393	1740	0	0	0
k141_6072	4605	0	0	0
k141_11394	1279	0	0	0
k141_13444	1593	0	0	0
k141_4471	3904	0	0	0
k141_11395	2880	0	0	0
k141_6073	3264	0	0	0
k141_13446	3432	0	0	0
k141_11396	2361	0	0	0
k141_6074	2853	0	0	0
k141_11398	1542	0	0	0
k141_4472	4619	0	0	0
k141_6075	1480	0	0	0
k141_11399	1082	0	0	0
k141_13447	5075	0	0	0
k141_13448	1139	0	0	0
k141_11400	2137	0	0	0
k141_4474	3226	0	0	0
k141_11404	1264	0	0	0
k141_4475	2052	0	0	0
k141_4476	1018	0	0	0
k141_4477	1213	0	0	0
k141_13451	4369	0	0	0
k141_1234	16483	0	0	0
k141_11407	2958	0	0	0
k141_13452	1956	0	0	0
k141_4478	4189	0	0	0
k141_13453	1600	0	0	0
k141_13454	4243	0	0	0
k141_4480	4151	0	0	0
k141_13455	1035	0	0	0
k141_13456	1343	0	0	0
k141_11408	11435	0	0	0
k141_13458	2320	0	0	0
k141_4482	4532	0	0	0
k141_4483	1550	0	0	0
k141_1240	11344	0	0	0
k141_4484	1324	0	0	0
k141_13460	3076	0	0	0
k141_4485	2163	0	0	0
k141_13461	2497	0	0	0
k141_11409	7909	0	0	0
k141_4487	3017	0	0	0
k141_13462	2999	0	0	0
k141_11410	2293	0	0	0
k141_4488	1612	0	0	0
k141_13464	2540	0	0	0
k141_11411	2624	0	0	0
k141_11412	1269	0	0	0
k141_4491	2777	0	0	0
k141_13465	2845	0	0	0
k141_11413	1769	0	0	0
k141_13467	1668	0	0	0
k141_4493	3700	0	0	0
k141_4494	1077	0	0	0
k141_1242	17073	0	0	0
k141_13468	3746	0	0	0
k141_11414	5667	0	0	0
k141_4496	2436	0	0	0
k141_4497	1308	0	0	0
k141_4498	1237	0	0	0
k141_1244	3460	0	0	0
k141_6083	46410	0	0	0
k141_1245	4321	0	0	0
k141_13469	8989	0	0	0
k141_1246	1477	0	0	0
k141_4499	7281	0	0	0
k141_6085	4383	0	0	0
k141_6087	2166	0	0	0
k141_13471	3145	0	0	0
k141_4500	6570	0	0	0
k141_6089	2787	0	0	0
k141_4501	1828	0	0	0
k141_4502	2506	0	0	0
k141_9622	191661	0	0	0
k141_6093	2972	0	0	0
k141_13472	5323	0	0	0
k141_1247	15929	0	0	0
k141_4503	3823	0	0	0
k141_6094	2012	0	0	0
k141_9623	3212	0	0	0
k141_13473	3912	0	0	0
k141_4505	2142	0	0	0
k141_1248	3222	0	0	0
k141_4506	1483	0	0	0
k141_9625	2674	0	0	0
k141_6095	4682	0	0	0
k141_6096	1259	0	0	0
k141_4507	3116	0	0	0
k141_13474	6267	0	0	0
k141_1249	5726	0	0	0
k141_9629	3231	0	0	0
k141_4509	2010	0	0	0
k141_4510	1094	0	0	0
k141_13475	3004	0	0	0
k141_9630	2822	0	0	0
k141_4511	1346	0	0	0
k141_9631	1432	0	0	0
k141_4513	1491	0	0	0
k141_13476	2886	0	0	0
k141_1252	4492	0	0	0
k141_13477	1121	0	0	0
k141_4514	2021	0	0	0
k141_1253	1992	0	0	0
k141_13478	1027	0	0	0
k141_13479	1186	0	0	0
k141_9632	4314	0	0	0
k141_1254	1584	0	0	0
k141_9633	2063	0	0	0
k141_4515	4287	0	0	0
k141_4516	1435	0	0	0
k141_1255	4067	0	0	0
k141_9634	2687	0	0	0
k141_9635	1331	0	0	0
k141_4517	1884	0	0	0
k141_9638	1427	0	0	0
k141_4518	2279	0	0	0
k141_6098	20464	0	0	0
k141_1257	6618	0	0	0
k141_1258	1079	0	0	0
k141_4519	4966	0	0	0
k141_6099	3332	0	0	0
k141_6102	1311	0	0	0
k141_6104	4025	0	0	0
k141_13480	22023	0	0	0
k141_6107	2691	0	0	0
k141_6108	2545	0	0	0
k141_13482	6324	0	0	0
k141_13483	2054	0	0	0
k141_13485	3187	0	0	0
k141_6110	6679	0	0	0
k141_13487	1791	0	0	0
k141_4523	23547	0	0	0
k141_6113	4493	0	0	0
k141_13489	3692	0	0	0
k141_9640	32324	0	0	0
k141_13491	1208	0	0	0
k141_9641	1094	0	0	0
k141_9642	1008	0	0	0
k141_4524	8480	0	0	0
k141_13498	3313	0	0	0
k141_9644	4751	0	0	0
k141_6114	9921	0	0	0
k141_13499	3647	0	0	0
k141_4525	6461	0	0	0
k141_13500	1064	0	0	0
k141_6117	1880	0	0	0
k141_9647	3337	0	0	0
k141_4526	1462	0	0	0
k141_13501	2618	0	0	0
k141_1260	43427	0	0	0
k141_4527	2795	0	0	0
k141_1261	1011	0	0	0
k141_11416	99810	0	0	0
k141_6121	3150	0	0	0
k141_13504	1447	0	0	0
k141_1262	1580	0	0	0
k141_4529	2430	0	0	0
k141_13506	1399	0	0	0
k141_1263	2160	0	0	0
k141_4530	1259	0	0	0
k141_6122	4211	0	0	0
k141_4531	1891	0	0	0
k141_9650	8723	0	0	0
k141_13507	3841	0	0	0
k141_1264	3393	0	0	0
k141_6124	1646	0	0	0
k141_9651	1539	0	0	0
k141_4532	1978	0	0	0
k141_13508	1400	0	0	0
k141_6125	1201	0	0	0
k141_9652	1555	0	0	0
k141_1265	2388	0	0	0
k141_13509	1459	0	0	0
k141_9654	1434	0	0	0
k141_6126	2827	0	0	0
k141_13510	1563	0	0	0
k141_13511	1133	0	0	0
k141_4535	4454	0	0	0
k141_1266	4283	0	0	0
k141_9655	3364	0	0	0
k141_4538	1373	0	0	0
k141_9656	2918	0	0	0
k141_1270	2438	0	0	0
k141_4539	3046	0	0	0
k141_1272	1009	0	0	0
k141_9658	1937	0	0	0
k141_1273	1929	0	0	0
k141_4542	2418	0	0	0
k141_1275	1414	0	0	0
k141_9659	4562	0	0	0
k141_1276	2108	0	0	0
k141_9660	2782	0	0	0
k141_4543	8696	0	0	0
k141_9665	2175	0	0	0
k141_4544	1698	0	0	0
k141_1277	6863	0	0	0
k141_9667	1073	0	0	0
k141_1279	2206	0	0	0
k141_9668	2501	0	0	0
k141_4545	4004	0	0	0
k141_1280	1357	0	0	0
k141_9669	2475	0	0	0
k141_1281	2529	0	0	0
k141_4546	3055	0	0	0
k141_9670	2672	0	0	0
k141_4548	1237	0	0	0
k141_1282	2531	0	0	0
k141_9671	2261	0	0	0
k141_1283	1647	0	0	0
k141_9672	2499	0	0	0
k141_1284	2205	0	0	0
k141_4549	6054	0	0	0
k141_1285	2240	0	0	0
k141_9673	3914	0	0	0
k141_4550	1477	0	0	0
k141_9674	1006	0	0	0
k141_4551	1025	0	0	0
k141_1287	1644	0	0	0
k141_4552	1449	0	0	0
k141_1289	1112	0	0	0
k141_9675	5184	0	0	0
k141_4553	3933	0	0	0
k141_1290	5072	0	0	0
k141_9678	3814	0	0	0
k141_4554	6628	0	0	0
k141_1292	5200	0	0	0
k141_4555	1227	0	0	0
k141_9679	4061	0	0	0
k141_4557	1587	0	0	0
k141_9683	1592	0	0	0
k141_9684	1505	0	0	0
k141_1293	8753	0	0	0
k141_9686	4041	0	0	0
k141_1295	2012	0	0	0
k141_4558	8326	0	0	0
k141_1296	1161	0	0	0
k141_1298	1811	0	0	0
k141_4559	3166	0	0	0
k141_4560	1819	0	0	0
k141_9687	7241	0	0	0
k141_9688	1412	0	0	0
k141_1301	3216	0	0	0
k141_4563	1893	0	0	0
k141_1303	1489	0	0	0
k141_4564	2605	0	0	0
k141_1306	1528	0	0	0
k141_4566	1464	0	0	0
k141_1307	1651	0	0	0
k141_13512	71895	0	0	0
k141_1308	1350	0	0	0
k141_13514	1124	0	0	0
k141_4569	1405	0	0	0
k141_6127	77749	0	0	0
k141_9690	8622	0	0	0
k141_4570	1392	0	0	0
k141_1309	2490	0	0	0
k141_6128	3132	0	0	0
k141_13515	5514	0	0	0
k141_4571	4378	0	0	0
k141_4572	1010	0	0	0
k141_6129	3527	0	0	0
k141_1310	5828	0	0	0
k141_4573	1056	0	0	0
k141_13517	2105	0	0	0
k141_9691	7934	0	0	0
k141_4574	1128	0	0	0
k141_13518	1544	0	0	0
k141_6130	2610	0	0	0
k141_4575	2308	0	0	0
k141_13519	2484	0	0	0
k141_4576	2744	0	0	0
k141_1311	6210	0	0	0
k141_9693	4794	0	0	0
k141_13520	3643	0	0	0
k141_9695	1292	0	0	0
k141_4577	2150	0	0	0
k141_1312	3015	0	0	0
k141_13523	1442	0	0	0
k141_6132	7053	0	0	0
k141_13524	1084	0	0	0
k141_6135	1310	0	0	0
k141_4579	2996	0	0	0
k141_9696	3928	0	0	0
k141_13525	2203	0	0	0
k141_4580	1689	0	0	0
k141_1314	4062	0	0	0
k141_6140	1835	0	0	0
k141_13527	2245	0	0	0
k141_1316	1489	0	0	0
k141_13528	2035	0	0	0
k141_4582	3435	0	0	0
k141_6143	1814	0	0	0
k141_13529	1194	0	0	0
k141_1317	3575	0	0	0
k141_9698	6777	0	0	0
k141_6144	2107	0	0	0
k141_4583	2797	0	0	0
k141_13530	1821	0	0	0
k141_9699	1536	0	0	0
k141_6145	2727	0	0	0
k141_9701	1334	0	0	0
k141_1318	4524	0	0	0
k141_6146	1212	0	0	0
k141_9702	2168	0	0	0
k141_1320	1102	0	0	0
k141_9703	1441	0	0	0
k141_6147	2650	0	0	0
k141_1321	2852	0	0	0
k141_9706	1479	0	0	0
k141_6148	2709	0	0	0
k141_1322	2789	0	0	0
k141_9707	2348	0	0	0
k141_13532	10517	0	0	0
k141_6149	2395	0	0	0
k141_9708	1093	0	0	0
k141_1323	1359	0	0	0
k141_13533	1312	0	0	0
k141_6150	1339	0	0	0
k141_1324	1242	0	0	0
k141_1325	1910	0	0	0
k141_6151	4072	0	0	0
k141_9710	5866	0	0	0
k141_13534	6623	0	0	0
k141_1327	4248	0	0	0
k141_6152	3261	0	0	0
k141_1328	1040	0	0	0
k141_13536	1289	0	0	0
k141_6154	1974	0	0	0
k141_1329	2593	0	0	0
k141_2798	570400	0	0	0
k141_1330	1438	0	0	0
k141_13537	3969	0	0	0
k141_9711	7876	0	0	0
k141_1331	1128	0	0	0
k141_13538	1542	0	0	0
k141_1333	2257	0	0	0
k141_1334	5978	0	0	0
k141_4585	34071	0	0	0
k141_4587	2208	0	0	0
k141_9713	13344	0	0	0
k141_4588	1471	0	0	0
k141_9714	1533	0	0	0
k141_1335	6433	0	0	0
k141_4590	1825	0	0	0
k141_6155	19334	0	0	0
k141_13539	14794	0	0	0
k141_13541	1669	0	0	0
k141_9716	4544	0	0	0
k141_4591	4286	0	0	0
k141_1336	4581	0	0	0
k141_13542	1925	0	0	0
k141_9717	1001	0	0	0
k141_13544	1689	0	0	0
k141_1337	2302	0	0	0
k141_6157	6196	0	0	0
k141_4592	3161	0	0	0
k141_9718	2468	0	0	0
k141_13545	1772	0	0	0
k141_6159	1514	0	0	0
k141_6160	1260	0	0	0
k141_4593	3042	0	0	0
k141_9719	3108	0	0	0
k141_6162	1067	0	0	0
k141_1338	6163	0	0	0
k141_13546	4984	0	0	0
k141_1339	1310	0	0	0
k141_4595	4042	0	0	0
k141_1340	1221	0	0	0
k141_4596	1861	0	0	0
k141_13549	2475	0	0	0
k141_6163	5852	0	0	0
k141_1342	2400	0	0	0
k141_6164	1336	0	0	0
k141_13550	2910	0	0	0
k141_1343	2779	0	0	0
k141_4597	4353	0	0	0
k141_13551	2445	0	0	0
k141_9720	12005	0	0	0
k141_6165	4520	0	0	0
k141_1344	2970	0	0	0
k141_6166	1331	0	0	0
k141_9721	2707	0	0	0
k141_1345	3143	0	0	0
k141_4598	6843	0	0	0
k141_13552	5539	0	0	0
k141_9724	2180	0	0	0
k141_4599	1442	0	0	0
k141_6169	3989	0	0	0
k141_9725	1643	0	0	0
k141_4600	1400	0	0	0
k141_4601	1004	0	0	0
k141_13553	3482	0	0	0
k141_9726	3032	0	0	0
k141_1346	6150	0	0	0
k141_4602	1818	0	0	0
k141_6170	3581	0	0	0
k141_9727	1497	0	0	0
k141_1347	1599	0	0	0
k141_6171	1475	0	0	0
k141_13554	3300	0	0	0
k141_6172	1462	0	0	0
k141_2800	51830	0	0	0
k141_9728	2504	0	0	0
k141_13555	1783	0	0	0
k141_1348	2116	0	0	0
k141_6173	1494	0	0	0
k141_13556	1057	0	0	0
k141_9729	1626	0	0	0
k141_1349	2300	0	0	0
k141_2802	2335	0	0	0
k141_6175	1720	0	0	0
k141_9730	1649	0	0	0
k141_2803	1079	0	0	0
k141_4605	6810	0	0	0
k141_2804	3093	0	0	0
k141_1350	4905	0	0	0
k141_9737	3071	0	0	0
k141_1351	2480	0	0	0
k141_9740	1606	0	0	0
k141_2805	4196	0	0	0
k141_4607	6194	0	0	0
k141_6177	8618	0	0	0
k141_4608	2379	0	0	0
k141_9742	2404	0	0	0
k141_9743	1730	0	0	0
k141_1353	4930	0	0	0
k141_4610	1494	0	0	0
k141_9744	1406	0	0	0
k141_4611	1171	0	0	0
k141_2806	6170	0	0	0
k141_4612	1204	0	0	0
k141_13559	17100	0	0	0
k141_6179	7206	0	0	0
k141_9745	4223	0	0	0
k141_1355	4361	0	0	0
k141_2810	2295	0	0	0
k141_6180	1589	0	0	0
k141_1356	1710	0	0	0
k141_4614	4292	0	0	0
k141_6181	2116	0	0	0
k141_13561	3130	0	0	0
k141_4615	1868	0	0	0
k141_9748	2911	0	0	0
k141_1357	2581	0	0	0
k141_13562	2814	0	0	0
k141_1358	2881	0	0	0
k141_6182	3801	0	0	0
k141_1359	1154	0	0	0
k141_2812	7611	0	0	0
k141_4617	6187	0	0	0
k141_9752	4613	0	0	0
k141_13563	4804	0	0	0
k141_4618	1427	0	0	0
k141_2814	3156	0	0	0
k141_4619	1134	0	0	0
k141_13565	1269	0	0	0
k141_1361	4729	0	0	0
k141_13567	1024	0	0	0
k141_2815	2516	0	0	0
k141_1362	1367	0	0	0
k141_7961	383432	0	0	0
k141_4621	2889	0	0	0
k141_13568	2655	0	0	0
k141_1363	2407	0	0	0
k141_6184	9906	0	0	0
k141_2817	3138	0	0	0
k141_9757	6789	0	0	0
k141_1364	2007	0	0	0
k141_4622	2331	0	0	0
k141_1365	1023	0	0	0
k141_13569	3180	0	0	0
k141_7962	3547	0	0	0
k141_9758	1575	0	0	0
k141_6185	3281	0	0	0
k141_7963	1298	0	0	0
k141_9759	1405	0	0	0
k141_2818	6184	0	0	0
k141_4623	5479	0	0	0
k141_7964	3300	0	0	0
k141_6187	3549	0	0	0
k141_2819	1467	0	0	0
k141_9760	4917	0	0	0
k141_7965	1879	0	0	0
k141_1366	7053	0	0	0
k141_6189	2607	0	0	0
k141_1367	1659	0	0	0
k141_2822	2355	0	0	0
k141_7967	2650	0	0	0
k141_1368	1598	0	0	0
k141_1369	1172	0	0	0
k141_2823	1575	0	0	0
k141_6190	3613	0	0	0
k141_13570	11328	0	0	0
k141_7968	2463	0	0	0
k141_13571	1129	0	0	0
k141_2824	1606	0	0	0
k141_1370	1665	0	0	0
k141_6192	1903	0	0	0
k141_2825	1475	0	0	0
k141_7969	2160	0	0	0
k141_13572	2423	0	0	0
k141_4626	9318	0	0	0
k141_6194	1402	0	0	0
k141_6195	1540	0	0	0
k141_4627	2266	0	0	0
k141_1371	5341	0	0	0
k141_6196	1408	0	0	0
k141_13573	3224	0	0	0
k141_4628	1458	0	0	0
k141_2826	5092	0	0	0
k141_4629	1236	0	0	0
k141_1372	2014	0	0	0
k141_9761	13802	0	0	0
k141_2827	1021	0	0	0
k141_6198	1729	0	0	0
k141_13575	2015	0	0	0
k141_9762	1135	0	0	0
k141_2828	1403	0	0	0
k141_1373	2178	0	0	0
k141_9763	1135	0	0	0
k141_4630	2727	0	0	0
k141_9764	1652	0	0	0
k141_4631	1673	0	0	0
k141_2829	3814	0	0	0
k141_2830	1018	0	0	0
k141_13581	4202	0	0	0
k141_2831	1271	0	0	0
k141_9768	2346	0	0	0
k141_6206	3079	0	0	0
k141_2832	1107	0	0	0
k141_1374	6516	0	0	0
k141_4633	4979	0	0	0
k141_13584	1302	0	0	0
k141_2833	1361	0	0	0
k141_1375	1624	0	0	0
k141_1376	1223	0	0	0
k141_6207	3308	0	0	0
k141_2835	1463	0	0	0
k141_4635	1570	0	0	0
k141_9770	2982	0	0	0
k141_4636	1875	0	0	0
k141_1377	2120	0	0	0
k141_6210	1519	0	0	0
k141_9771	3742	0	0	0
k141_4639	1231	0	0	0
k141_6213	1214	0	0	0
k141_2837	5642	0	0	0
k141_13590	5690	0	0	0
k141_6214	2731	0	0	0
k141_4641	3085	0	0	0
k141_2840	1204	0	0	0
k141_6215	1750	0	0	0
k141_1378	7877	0	0	0
k141_6216	1465	0	0	0
k141_2841	2450	0	0	0
k141_13594	3124	0	0	0
k141_2842	1019	0	0	0
k141_4643	3203	0	0	0
k141_1381	1549	0	0	0
k141_6217	1840	0	0	0
k141_4645	1068	0	0	0
k141_2843	1728	0	0	0
k141_1382	1805	0	0	0
k141_6218	1933	0	0	0
k141_13595	3506	0	0	0
k141_6219	1022	0	0	0
k141_1383	1158	0	0	0
k141_4646	1742	0	0	0
k141_6220	1010	0	0	0
k141_2845	2877	0	0	0
k141_1387	1341	0	0	0
k141_4648	1525	0	0	0
k141_6221	2094	0	0	0
k141_2846	1520	0	0	0
k141_1388	1461	0	0	0
k141_13599	2439	0	0	0
k141_6222	2034	0	0	0
k141_1390	1023	0	0	0
k141_4649	2711	0	0	0
k141_2847	2074	0	0	0
k141_2848	1120	0	0	0
k141_6223	2193	0	0	0
k141_1391	2321	0	0	0
k141_4650	2490	0	0	0
k141_2849	2192	0	0	0
k141_6224	1586	0	0	0
k141_13605	3147	0	0	0
k141_1394	2566	0	0	0
k141_4653	2261	0	0	0
k141_6226	2366	0	0	0
k141_13606	1280	0	0	0
k141_2850	3625	0	0	0
k141_1395	1832	0	0	0
k141_6228	3238	0	0	0
k141_4655	7116	0	0	0
k141_1398	5834	0	0	0
k141_4657	2590	0	0	0
k141_6229	7781	0	0	0
k141_9773	33638	0	0	0
k141_1400	3985	0	0	0
k141_6230	2283	0	0	0
k141_4658	4468	0	0	0
k141_9774	2492	0	0	0
k141_1403	2261	0	0	0
k141_4659	1096	0	0	0
k141_9775	1121	0	0	0
k141_1404	1690	0	0	0
k141_6231	4063	0	0	0
k141_1406	1133	0	0	0
k141_4660	3537	0	0	0
k141_9777	3587	0	0	0
k141_1407	1598	0	0	0
k141_4661	1063	0	0	0
k141_6233	2376	0	0	0
k141_9778	1370	0	0	0
k141_6234	1137	0	0	0
k141_9779	1705	0	0	0
k141_1408	4330	0	0	0
k141_4662	4512	0	0	0
k141_1409	1422	0	0	0
k141_6236	3419	0	0	0
k141_9780	3733	0	0	0
k141_2852	25826	0	0	0
k141_4663	2798	0	0	0
k141_1410	2235	0	0	0
k141_6237	1841	0	0	0
k141_9781	4174	0	0	0
k141_4665	2458	0	0	0
k141_1411	3351	0	0	0
k141_6238	3231	0	0	0
k141_9782	1228	0	0	0
k141_4666	1759	0	0	0
k141_2853	5654	0	0	0
k141_1412	2326	0	0	0
k141_9785	3511	0	0	0
k141_4667	4003	0	0	0
k141_6239	5167	0	0	0
k141_4668	4085	0	0	0
k141_1414	6030	0	0	0
k141_9787	4996	0	0	0
k141_1415	1385	0	0	0
k141_6241	6039	0	0	0
k141_4670	1880	0	0	0
k141_4671	2007	0	0	0
k141_1416	3332	0	0	0
k141_6244	2478	0	0	0
k141_9790	4169	0	0	0
k141_1417	3090	0	0	0
k141_4673	3650	0	0	0
k141_1418	1023	0	0	0
k141_9791	3390	0	0	0
k141_1419	1135	0	0	0
k141_6246	3998	0	0	0
k141_9792	1467	0	0	0
k141_4678	1354	0	0	0
k141_4679	1889	0	0	0
k141_9797	1258	0	0	0
k141_6247	6066	0	0	0
k141_1420	6708	0	0	0
k141_4681	3232	0	0	0
k141_6248	1370	0	0	0
k141_13608	56709	0	0	0
k141_4683	1452	0	0	0
k141_1421	2818	0	0	0
k141_4684	1020	0	0	0
k141_9799	6196	0	0	0
k141_1422	1977	0	0	0
k141_13609	2574	0	0	0
k141_4686	1526	0	0	0
k141_1423	1422	0	0	0
k141_4687	1391	0	0	0
k141_6249	6122	0	0	0
k141_13610	3174	0	0	0
k141_4688	1424	0	0	0
k141_1425	2308	0	0	0
k141_4690	1084	0	0	0
k141_9802	4715	0	0	0
k141_6251	2237	0	0	0
k141_13611	2061	0	0	0
k141_1427	1020	0	0	0
k141_9803	1042	0	0	0
k141_9804	1225	0	0	0
k141_6252	2057	0	0	0
k141_13612	2093	0	0	0
k141_1429	1228	0	0	0
k141_4692	3011	0	0	0
k141_9806	1558	0	0	0
k141_4693	1291	0	0	0
k141_1431	1629	0	0	0
k141_4694	1181	0	0	0
k141_9807	1750	0	0	0
k141_13614	3654	0	0	0
k141_6253	4807	0	0	0
k141_9808	2369	0	0	0
k141_2854	41762	0	0	0
k141_13615	2496	0	0	0
k141_6254	2506	0	0	0
k141_2855	1748	0	0	0
k141_13616	1038	0	0	0
k141_1432	5950	0	0	0
k141_9811	2357	0	0	0
k141_4695	6830	0	0	0
k141_13617	2113	0	0	0
k141_2856	2382	0	0	0
k141_1433	1376	0	0	0
k141_9812	1289	0	0	0
k141_9813	1379	0	0	0
k141_6256	3833	0	0	0
k141_9814	1283	0	0	0
k141_6257	1029	0	0	0
k141_1435	2296	0	0	0
k141_4696	2967	0	0	0
k141_2858	2505	0	0	0
k141_6258	1011	0	0	0
k141_13621	3000	0	0	0
k141_1436	1991	0	0	0
k141_6259	1536	0	0	0
k141_9815	3076	0	0	0
k141_1438	1016	0	0	0
k141_13623	2379	0	0	0
k141_1439	1174	0	0	0
k141_4697	4721	0	0	0
k141_6262	1928	0	0	0
k141_4698	1289	0	0	0
k141_13624	2049	0	0	0
k141_6268	1240	0	0	0
k141_4701	2941	0	0	0
k141_1440	6033	0	0	0
k141_13625	4283	0	0	0
k141_9817	9274	0	0	0
k141_4703	2948	0	0	0
k141_13626	1973	0	0	0
k141_9819	1145	0	0	0
k141_1444	2472	0	0	0
k141_9820	1071	0	0	0
k141_13628	1997	0	0	0
k141_1445	1765	0	0	0
k141_6269	6793	0	0	0
k141_9821	3113	0	0	0
k141_1447	1931	0	0	0
k141_4705	6083	0	0	0
k141_6270	3942	0	0	0
k141_13629	5334	0	0	0
k141_1448	2829	0	0	0
k141_4706	2643	0	0	0
k141_1449	1246	0	0	0
k141_13631	1218	0	0	0
k141_9822	4900	0	0	0
k141_4707	1645	0	0	0
k141_1450	1936	0	0	0
k141_6272	3382	0	0	0
k141_13632	2755	0	0	0
k141_2860	24239	0	0	0
k141_4709	1827	0	0	0
k141_6273	1581	0	0	0
k141_2861	1756	0	0	0
k141_2862	1113	0	0	0
k141_4711	1745	0	0	0
k141_6274	2674	0	0	0
k141_1451	4477	0	0	0
k141_6275	1896	0	0	0
k141_4712	2707	0	0	0
k141_6276	1537	0	0	0
k141_13635	5319	0	0	0
k141_2863	4066	0	0	0
k141_6277	1648	0	0	0
k141_13636	2069	0	0	0
k141_1452	6830	0	0	0
k141_13637	2251	0	0	0
k141_7971	155422	0	0	0
k141_4714	7103	0	0	0
k141_9823	15638	0	0	0
k141_2864	7294	0	0	0
k141_7972	2857	0	0	0
k141_4715	1700	0	0	0
k141_2865	1324	0	0	0
k141_7973	1929	0	0	0
k141_2866	1707	0	0	0
k141_4716	3056	0	0	0
k141_9824	4776	0	0	0
k141_2868	1325	0	0	0
k141_13638	7992	0	0	0
k141_4717	1711	0	0	0
k141_9826	2063	0	0	0
k141_4718	1691	0	0	0
k141_7974	5594	0	0	0
k141_13641	1413	0	0	0
k141_9828	1817	0	0	0
k141_4719	1914	0	0	0
k141_13642	2250	0	0	0
k141_7976	3002	0	0	0
k141_13643	1630	0	0	0
k141_4720	3217	0	0	0
k141_9832	4069	0	0	0
k141_4721	2306	0	0	0
k141_9834	1911	0	0	0
k141_4722	2693	0	0	0
k141_9835	2782	0	0	0
k141_9836	1382	0	0	0
k141_4725	1854	0	0	0
k141_13644	8941	0	0	0
k141_7977	9425	0	0	0
k141_4726	2099	0	0	0
k141_7978	1155	0	0	0
k141_9837	3978	0	0	0
k141_13647	2276	0	0	0
k141_4728	1860	0	0	0
k141_4729	1720	0	0	0
k141_4730	1342	0	0	0
k141_7979	5365	0	0	0
k141_7980	2193	0	0	0
k141_4731	3806	0	0	0
k141_4732	1700	0	0	0
k141_9838	9904	0	0	0
k141_4733	1115	0	0	0
k141_7981	4053	0	0	0
k141_7982	1182	0	0	0
k141_9839	2562	0	0	0
k141_13648	12387	0	0	0
k141_4734	3038	0	0	0
k141_7984	2171	0	0	0
k141_13649	2375	0	0	0
k141_4739	1303	0	0	0
k141_13651	1080	0	0	0
k141_9840	5089	0	0	0
k141_13653	1244	0	0	0
k141_9841	1912	0	0	0
k141_7985	6846	0	0	0
k141_13655	2011	0	0	0
k141_4740	5023	0	0	0
k141_9842	3609	0	0	0
k141_7987	1062	0	0	0
k141_7988	1597	0	0	0
k141_9844	2171	0	0	0
k141_7989	1228	0	0	0
k141_4743	2371	0	0	0
k141_9845	1984	0	0	0
k141_13658	5108	0	0	0
k141_9846	1204	0	0	0
k141_13659	1987	0	0	0
k141_7991	3859	0	0	0
k141_4746	3075	0	0	0
k141_7993	2954	0	0	0
k141_4749	1787	0	0	0
k141_4751	2323	0	0	0
k141_13662	6192	0	0	0
k141_4752	1057	0	0	0
k141_13663	1436	0	0	0
k141_4754	3413	0	0	0
k141_13666	3565	0	0	0
k141_13667	1352	0	0	0
k141_4759	1200	0	0	0
k141_13669	1511	0	0	0
k141_13674	2211	0	0	0
k141_4762	10753	0	0	0
k141_13676	3104	0	0	0
k141_13677	1867	0	0	0
k141_7994	27832	0	0	0
k141_4764	4200	0	0	0
k141_13678	2200	0	0	0
k141_7995	2600	0	0	0
k141_4765	2542	0	0	0
k141_1453	90995	0	0	0
k141_13679	1568	0	0	0
k141_1454	1296	0	0	0
k141_7996	2289	0	0	0
k141_13680	1733	0	0	0
k141_1455	2638	0	0	0
k141_1456	1123	0	0	0
k141_7999	3066	0	0	0
k141_1457	1387	0	0	0
k141_1458	1544	0	0	0
k141_8001	2037	0	0	0
k141_13682	6122	0	0	0
k141_13683	1218	0	0	0
k141_1459	2035	0	0	0
k141_1460	1030	0	0	0
k141_13685	3631	0	0	0
k141_2869	99329	0	0	0
k141_1461	6735	0	0	0
k141_13687	3012	0	0	0
k141_13688	1113	0	0	0
k141_13689	1263	0	0	0
k141_1462	4060	0	0	0
k141_13692	1629	0	0	0
k141_2870	6652	0	0	0
k141_13693	1590	0	0	0
k141_2871	1302	0	0	0
k141_1463	4039	0	0	0
k141_2873	2183	0	0	0
k141_2875	1307	0	0	0
k141_1464	2752	0	0	0
k141_13694	4851	0	0	0
k141_2879	1311	0	0	0
k141_8002	21921	0	0	0
k141_2880	1771	0	0	0
k141_8003	2164	0	0	0
k141_1465	5534	0	0	0
k141_2882	1811	0	0	0
k141_13696	4882	0	0	0
k141_8006	1349	0	0	0
k141_13697	2188	0	0	0
k141_2883	2835	0	0	0
k141_13698	1227	0	0	0
k141_2885	2061	0	0	0
k141_1469	7113	0	0	0
k141_2886	2465	0	0	0
k141_13699	2411	0	0	0
k141_13700	1014	0	0	0
k141_1470	1324	0	0	0
k141_11417	543128	0	0	0
k141_13701	3656	0	0	0
k141_1472	4596	0	0	0
k141_8007	13682	0	0	0
k141_13702	2715	0	0	0
k141_1473	1733	0	0	0
k141_8010	1166	0	0	0
k141_13703	2152	0	0	0
k141_1475	2091	0	0	0
k141_8011	3911	0	0	0
k141_13709	1818	0	0	0
k141_11418	9915	0	0	0
k141_1478	1500	0	0	0
k141_8013	1083	0	0	0
k141_11420	1463	0	0	0
k141_1479	2487	0	0	0
k141_13711	3478	0	0	0
k141_1481	1140	0	0	0
k141_11421	3191	0	0	0
k141_8016	3773	0	0	0
k141_1483	1052	0	0	0
k141_1484	1134	0	0	0
k141_2889	19229	0	0	0
k141_13713	4556	0	0	0
k141_1485	3445	0	0	0
k141_8018	4697	0	0	0
k141_11422	7222	0	0	0
k141_8019	2127	0	0	0
k141_1486	2773	0	0	0
k141_8020	1522	0	0	0
k141_2893	6004	0	0	0
k141_11423	2742	0	0	0
k141_13714	5251	0	0	0
k141_1488	2283	0	0	0
k141_11424	1321	0	0	0
k141_8022	1852	0	0	0
k141_11425	1470	0	0	0
k141_13715	2436	0	0	0
k141_2894	3072	0	0	0
k141_1492	1676	0	0	0
k141_11426	1682	0	0	0
k141_2895	1664	0	0	0
k141_1493	1590	0	0	0
k141_8024	2812	0	0	0
k141_1494	1047	0	0	0
k141_2897	1363	0	0	0
k141_11427	2725	0	0	0
k141_1496	1163	0	0	0
k141_13716	4559	0	0	0
k141_13717	1924	0	0	0
k141_2898	4100	0	0	0
k141_8025	6453	0	0	0
k141_1498	3559	0	0	0
k141_2899	1739	0	0	0
k141_13718	2729	0	0	0
k141_11428	6227	0	0	0
k141_13719	1452	0	0	0
k141_8027	1413	0	0	0
k141_11431	1014	0	0	0
k141_8028	1147	0	0	0
k141_1501	2822	0	0	0
k141_13720	2294	0	0	0
k141_8029	1383	0	0	0
k141_8030	1052	0	0	0
k141_13721	1659	0	0	0
k141_11435	1683	0	0	0
k141_1506	1061	0	0	0
k141_2900	7037	0	0	0
k141_11437	2225	0	0	0
k141_2901	1967	0	0	0
k141_13724	3329	0	0	0
k141_11438	1801	0	0	0
k141_2902	1357	0	0	0
k141_8031	6764	0	0	0
k141_2904	1249	0	0	0
k141_13725	3026	0	0	0
k141_8032	1540	0	0	0
k141_2905	2104	0	0	0
k141_13726	3121	0	0	0
k141_1508	9592	0	0	0
k141_2907	1830	0	0	0
k141_11439	7365	0	0	0
k141_1509	3928	0	0	0
k141_13727	4432	0	0	0
k141_4767	99450	0	0	0
k141_2911	3214	0	0	0
k141_1510	1153	0	0	0
k141_13728	1154	0	0	0
k141_1511	2272	0	0	0
k141_11441	6498	0	0	0
k141_4768	3556	0	0	0
k141_4769	1060	0	0	0
k141_2913	4936	0	0	0
k141_9849	142664	0	0	0
k141_8033	13009	0	0	0
k141_13734	3144	0	0	0
k141_11442	2957	0	0	0
k141_11443	1710	0	0	0
k141_1515	3297	0	0	0
k141_8036	1141	0	0	0
k141_2918	1054	0	0	0
k141_9850	3075	0	0	0
k141_1516	1295	0	0	0
k141_8037	1713	0	0	0
k141_9851	1268	0	0	0
k141_8038	1228	0	0	0
k141_4771	6982	0	0	0
k141_8039	1176	0	0	0
k141_11445	3649	0	0	0
k141_1517	3253	0	0	0
k141_9852	2433	0	0	0
k141_11446	1566	0	0	0
k141_8041	1324	0	0	0
k141_13735	7792	0	0	0
k141_2919	6685	0	0	0
k141_4774	1720	0	0	0
k141_9853	2538	0	0	0
k141_8043	1241	0	0	0
k141_13736	2005	0	0	0
k141_9854	1204	0	0	0
k141_4775	2026	0	0	0
k141_1518	4838	0	0	0
k141_2921	1931	0	0	0
k141_9855	1950	0	0	0
k141_8045	2245	0	0	0
k141_1519	1038	0	0	0
k141_4776	1476	0	0	0
k141_11447	5002	0	0	0
k141_2923	1021	0	0	0
k141_4777	1872	0	0	0
k141_4778	1673	0	0	0
k141_11448	4528	0	0	0
k141_1520	5282	0	0	0
k141_9856	6163	0	0	0
k141_9857	1123	0	0	0
k141_2927	5329	0	0	0
k141_4781	2589	0	0	0
k141_2929	1216	0	0	0
k141_4782	1694	0	0	0
k141_11451	2673	0	0	0
k141_11452	2847	0	0	0
k141_2933	2891	0	0	0
k141_13737	15575	0	0	0
k141_8046	13995	0	0	0
k141_11453	2163	0	0	0
k141_4785	4248	0	0	0
k141_13738	1052	0	0	0
k141_2935	2568	0	0	0
k141_13739	1776	0	0	0
k141_11454	3092	0	0	0
k141_4786	3161	0	0	0
k141_8048	3359	0	0	0
k141_4787	1431	0	0	0
k141_2936	2966	0	0	0
k141_4789	1497	0	0	0
k141_8050	1970	0	0	0
k141_1521	16096	0	0	0
k141_8051	1518	0	0	0
k141_4790	2566	0	0	0
k141_8053	1242	0	0	0
k141_13741	7093	0	0	0
k141_11455	7146	0	0	0
k141_4791	2354	0	0	0
k141_11456	1438	0	0	0
k141_2938	7494	0	0	0
k141_11457	1214	0	0	0
k141_13744	2141	0	0	0
k141_1522	6413	0	0	0
k141_11459	2564	0	0	0
k141_13747	1272	0	0	0
k141_1523	2020	0	0	0
k141_1524	1029	0	0	0
k141_11461	1184	0	0	0
k141_1525	1569	0	0	0
k141_13750	1696	0	0	0
k141_4793	6517	0	0	0
k141_11462	1650	0	0	0
k141_1526	1072	0	0	0
k141_1527	1391	0	0	0
k141_6278	245549	0	0	0
k141_4795	2514	0	0	0
k141_13751	3441	0	0	0
k141_11465	2492	0	0	0
k141_11466	1005	0	0	0
k141_1528	3663	0	0	0
k141_4797	1859	0	0	0
k141_11467	1711	0	0	0
k141_6284	1043	0	0	0
k141_13752	3704	0	0	0
k141_4798	1509	0	0	0
k141_6285	1331	0	0	0
k141_1533	1881	0	0	0
k141_13753	2800	0	0	0
k141_6286	2767	0	0	0
k141_11468	4937	0	0	0
k141_2940	16661	0	0	0
k141_11469	1554	0	0	0
k141_13754	2375	0	0	0
k141_1537	2152	0	0	0
k141_11470	1184	0	0	0
k141_4803	5722	0	0	0
k141_11471	1056	0	0	0
k141_1539	1485	0	0	0
k141_13756	1637	0	0	0
k141_4804	2562	0	0	0
k141_13759	2258	0	0	0
k141_13760	1029	0	0	0
k141_1540	4419	0	0	0
k141_4806	2929	0	0	0
k141_1541	2410	0	0	0
k141_13761	3019	0	0	0
k141_4807	1410	0	0	0
k141_11472	8494	0	0	0
k141_13762	1376	0	0	0
k141_1542	4411	0	0	0
k141_4808	4473	0	0	0
k141_13763	3605	0	0	0
k141_1543	1077	0	0	0
k141_6287	16742	0	0	0
k141_1544	1161	0	0	0
k141_13764	1289	0	0	0
k141_6288	1098	0	0	0
k141_11475	4915	0	0	0
k141_4809	3440	0	0	0
k141_1545	2595	0	0	0
k141_13765	2507	0	0	0
k141_11476	3420	0	0	0
k141_1547	1330	0	0	0
k141_4810	3103	0	0	0
k141_6292	4565	0	0	0
k141_1548	1175	0	0	0
k141_4811	1020	0	0	0
k141_6295	1309	0	0	0
k141_11477	3413	0	0	0
k141_4812	2522	0	0	0
k141_1550	2855	0	0	0
k141_6299	1494	0	0	0
k141_4813	1651	0	0	0
k141_13766	7402	0	0	0
k141_11478	2665	0	0	0
k141_1551	3002	0	0	0
k141_6300	2829	0	0	0
k141_11481	2169	0	0	0
k141_13767	3109	0	0	0
k141_1552	2750	0	0	0
k141_2941	31290	0	0	0
k141_13769	1469	0	0	0
k141_1553	1394	0	0	0
k141_4816	4335	0	0	0
k141_13770	1259	0	0	0
k141_11482	3715	0	0	0
k141_4817	1749	0	0	0
k141_6301	5359	0	0	0
k141_2946	1849	0	0	0
k141_13771	3218	0	0	0
k141_2947	1446	0	0	0
k141_11484	3164	0	0	0
k141_6302	2203	0	0	0
k141_13772	2046	0	0	0
k141_6303	1332	0	0	0
k141_1554	6562	0	0	0
k141_2948	2616	0	0	0
k141_13773	1988	0	0	0
k141_2951	1031	0	0	0
k141_11485	4001	0	0	0
k141_13774	1556	0	0	0
k141_4819	6791	0	0	0
k141_11486	2224	0	0	0
k141_6304	5022	0	0	0
k141_1555	4499	0	0	0
k141_13775	2349	0	0	0
k141_4820	1852	0	0	0
k141_2955	1958	0	0	0
k141_4821	1505	0	0	0
k141_13776	1889	0	0	0
k141_4822	1915	0	0	0
k141_6305	4131	0	0	0
k141_4823	1543	0	0	0
k141_6306	2089	0	0	0
k141_1557	5553	0	0	0
k141_11487	7009	0	0	0
k141_2956	6090	0	0	0
k141_1558	1085	0	0	0
k141_11489	1015	0	0	0
k141_11490	1073	0	0	0
k141_2957	2196	0	0	0
k141_13778	6427	0	0	0
k141_13779	1272	0	0	0
k141_11492	2148	0	0	0
k141_2960	2475	0	0	0
k141_1560	5770	0	0	0
k141_13780	3262	0	0	0
k141_1561	1349	0	0	0
k141_6307	9740	0	0	0
k141_2961	3779	0	0	0
k141_13782	3019	0	0	0
k141_4824	11886	0	0	0
k141_2962	1903	0	0	0
k141_13783	2004	0	0	0
k141_2964	1128	0	0	0
k141_1566	2605	0	0	0
k141_11496	7899	0	0	0
k141_4825	3527	0	0	0
k141_2965	1932	0	0	0
k141_4826	1711	0	0	0
k141_2967	1126	0	0	0
k141_11497	2722	0	0	0
k141_1567	3535	0	0	0
k141_6310	7065	0	0	0
k141_4827	1656	0	0	0
k141_4829	1577	0	0	0
k141_2969	2895	0	0	0
k141_1569	2730	0	0	0
k141_4830	1211	0	0	0
k141_11499	3766	0	0	0
k141_1571	1224	0	0	0
k141_2970	1767	0	0	0
k141_4831	1017	0	0	0
k141_6311	5774	0	0	0
k141_4832	1288	0	0	0
k141_1573	1520	0	0	0
k141_11500	3026	0	0	0
k141_2972	2433	0	0	0
k141_11502	1295	0	0	0
k141_4833	4051	0	0	0
k141_6314	3434	0	0	0
k141_11506	1258	0	0	0
k141_4834	2489	0	0	0
k141_1576	5442	0	0	0
k141_6316	1416	0	0	0
k141_2973	6518	0	0	0
k141_6317	1283	0	0	0
k141_1578	1565	0	0	0
k141_11508	3089	0	0	0
k141_11510	1983	0	0	0
k141_2974	4308	0	0	0
k141_6318	4158	0	0	0
k141_1579	4217	0	0	0
k141_4835	6379	0	0	0
k141_1580	2121	0	0	0
k141_4836	2236	0	0	0
k141_6319	3794	0	0	0
k141_2975	4558	0	0	0
k141_11511	5305	0	0	0
k141_4837	2448	0	0	0
k141_2976	2008	0	0	0
k141_11512	1812	0	0	0
k141_6320	2893	0	0	0
k141_4838	1956	0	0	0
k141_11513	1116	0	0	0
k141_1582	4696	0	0	0
k141_4839	1360	0	0	0
k141_11514	1588	0	0	0
k141_2979	2247	0	0	0
k141_2981	1248	0	0	0
k141_8054	114917	0	0	0
k141_11516	1698	0	0	0
k141_2982	1454	0	0	0
k141_11517	1610	0	0	0
k141_8055	1929	0	0	0
k141_2983	2094	0	0	0
k141_4840	5461	0	0	0
k141_11518	3590	0	0	0
k141_8056	3402	0	0	0
k141_2986	2316	0	0	0
k141_4842	2772	0	0	0
k141_1583	9276	0	0	0
k141_8057	1766	0	0	0
k141_4844	1378	0	0	0
k141_11520	3089	0	0	0
k141_8058	2327	0	0	0
k141_4845	1866	0	0	0
k141_1585	2901	0	0	0
k141_11521	1197	0	0	0
k141_6322	14306	0	0	0
k141_11522	1466	0	0	0
k141_1586	2520	0	0	0
k141_11523	1386	0	0	0
k141_6323	3229	0	0	0
k141_4848	2979	0	0	0
k141_11524	2459	0	0	0
k141_4849	1552	0	0	0
k141_8064	3502	0	0	0
k141_1588	4024	0	0	0
k141_6324	3471	0	0	0
k141_11526	2364	0	0	0
k141_4851	1884	0	0	0
k141_8066	1196	0	0	0
k141_4852	1303	0	0	0
k141_1589	3896	0	0	0
k141_4853	1860	0	0	0
k141_6325	4237	0	0	0
k141_8067	3737	0	0	0
k141_4854	2180	0	0	0
k141_6327	1283	0	0	0
k141_4855	2256	0	0	0
k141_11527	8518	0	0	0
k141_1590	5226	0	0	0
k141_4857	1514	0	0	0
k141_11529	1686	0	0	0
k141_8068	7486	0	0	0
k141_4858	1777	0	0	0
k141_6330	6303	0	0	0
k141_8069	1843	0	0	0
k141_6332	1343	0	0	0
k141_11532	2599	0	0	0
k141_6333	1175	0	0	0
k141_8070	1334	0	0	0
k141_4859	3012	0	0	0
k141_11533	1729	0	0	0
k141_8072	1812	0	0	0
k141_4861	1648	0	0	0
k141_11536	1167	0	0	0
k141_4863	2423	0	0	0
k141_6334	6221	0	0	0
k141_11537	3723	0	0	0
k141_4864	3215	0	0	0
k141_11538	3010	0	0	0
k141_1591	16124	0	0	0
k141_6335	4024	0	0	0
k141_11540	3186	0	0	0
k141_4865	5224	0	0	0
k141_1592	5236	0	0	0
k141_6337	5051	0	0	0
k141_6339	1649	0	0	0
k141_6340	2120	0	0	0
k141_2988	45479	0	0	0
k141_4867	5782	0	0	0
k141_6342	1861	0	0	0
k141_2990	2111	0	0	0
k141_1595	6892	0	0	0
k141_2991	1256	0	0	0
k141_6344	1891	0	0	0
k141_4868	4029	0	0	0
k141_2992	1096	0	0	0
k141_4870	1303	0	0	0
k141_11542	12552	0	0	0
k141_6345	3983	0	0	0
k141_2993	3593	0	0	0
k141_4871	3150	0	0	0
k141_6346	1273	0	0	0
k141_2994	1787	0	0	0
k141_6348	1770	0	0	0
k141_2995	2299	0	0	0
k141_11543	6565	0	0	0
k141_6349	1400	0	0	0
k141_4872	5067	0	0	0
k141_2997	1551	0	0	0
k141_4873	1107	0	0	0
k141_4875	2720	0	0	0
k141_2998	3858	0	0	0
k141_11544	6315	0	0	0
k141_8073	37428	0	0	0
k141_11545	2127	0	0	0
k141_3000	2658	0	0	0
k141_8075	1173	0	0	0
k141_4878	2876	0	0	0
k141_11548	3103	0	0	0
k141_6350	11706	0	0	0
k141_4881	1870	0	0	0
k141_6351	1780	0	0	0
k141_8076	4791	0	0	0
k141_4883	1413	0	0	0
k141_4884	1399	0	0	0
k141_3002	7465	0	0	0
k141_11549	4709	0	0	0
k141_8077	2959	0	0	0
k141_4885	1749	0	0	0
k141_11550	2489	0	0	0
k141_3003	2892	0	0	0
k141_6353	4927	0	0	0
k141_11551	1811	0	0	0
k141_4889	2723	0	0	0
k141_6354	2167	0	0	0
k141_3004	4080	0	0	0
k141_4890	2866	0	0	0
k141_11554	2419	0	0	0
k141_6355	3415	0	0	0
k141_13784	123020	0	0	0
k141_6356	1021	0	0	0
k141_4892	1082	0	0	0
k141_8083	8236	0	0	0
k141_13786	1352	0	0	0
k141_3006	3889	0	0	0
k141_6358	1537	0	0	0
k141_3007	1380	0	0	0
k141_6359	1041	0	0	0
k141_11560	2319	0	0	0
k141_6360	1565	0	0	0
k141_11562	1030	0	0	0
k141_8084	4387	0	0	0
k141_3008	4337	0	0	0
k141_11563	2286	0	0	0
k141_8086	1309	0	0	0
k141_6361	3189	0	0	0
k141_13787	7323	0	0	0
k141_11564	1990	0	0	0
k141_3009	2121	0	0	0
k141_8088	1503	0	0	0
k141_13788	1641	0	0	0
k141_3010	1948	0	0	0
k141_6363	4523	0	0	0
k141_11568	2846	0	0	0
k141_8089	4631	0	0	0
k141_3011	4485	0	0	0
k141_13789	5265	0	0	0
k141_6364	3959	0	0	0
k141_11570	2516	0	0	0
k141_3012	1573	0	0	0
k141_11571	2208	0	0	0
k141_6366	2625	0	0	0
k141_8091	5156	0	0	0
k141_3014	6910	0	0	0
k141_11573	5289	0	0	0
k141_3015	1139	0	0	0
k141_13790	10692	0	0	0
k141_8092	6503	0	0	0
k141_6367	8238	0	0	0
k141_3017	1500	0	0	0
k141_8093	2309	0	0	0
k141_8095	2419	0	0	0
k141_6368	5488	0	0	0
k141_11574	9791	0	0	0
k141_8096	2695	0	0	0
k141_13791	8907	0	0	0
k141_11575	1293	0	0	0
k141_8097	2028	0	0	0
k141_13793	1063	0	0	0
k141_6369	4331	0	0	0
k141_3019	9746	0	0	0
k141_13795	2425	0	0	0
k141_6371	2631	0	0	0
k141_13796	1559	0	0	0
k141_3020	3430	0	0	0
k141_8100	3201	0	0	0
k141_3021	1150	0	0	0
k141_8101	1254	0	0	0
k141_3023	1443	0	0	0
k141_8102	1592	0	0	0
k141_11576	8827	0	0	0
k141_3024	2223	0	0	0
k141_1596	81504	0	0	0
k141_6372	7502	0	0	0
k141_13799	5063	0	0	0
k141_11577	3422	0	0	0
k141_13800	1055	0	0	0
k141_6373	2004	0	0	0
k141_1597	4255	0	0	0
k141_13801	2572	0	0	0
k141_11578	3043	0	0	0
k141_8105	5899	0	0	0
k141_11579	1336	0	0	0
k141_1598	1541	0	0	0
k141_1600	1451	0	0	0
k141_8106	4216	0	0	0
k141_3026	9779	0	0	0
k141_1602	3212	0	0	0
k141_8107	2368	0	0	0
k141_3027	2386	0	0	0
k141_1603	1239	0	0	0
k141_13802	8977	0	0	0
k141_8108	2453	0	0	0
k141_3028	4194	0	0	0
k141_8109	2752	0	0	0
k141_1604	4559	0	0	0
k141_1606	1449	0	0	0
k141_3029	3446	0	0	0
k141_8111	2736	0	0	0
k141_8112	1093	0	0	0
k141_13803	7286	0	0	0
k141_3031	1676	0	0	0
k141_1609	3800	0	0	0
k141_8113	2189	0	0	0
k141_3032	1686	0	0	0
k141_1610	1354	0	0	0
k141_13806	1916	0	0	0
k141_8115	1971	0	0	0
k141_8116	1634	0	0	0
k141_1615	1811	0	0	0
k141_3033	6162	0	0	0
k141_3034	1270	0	0	0
k141_1616	3278	0	0	0
k141_8118	3451	0	0	0
k141_13807	7161	0	0	0
k141_1617	1198	0	0	0
k141_3035	1723	0	0	0
k141_8119	1703	0	0	0
k141_3036	1349	0	0	0
k141_13809	2850	0	0	0
k141_1618	4454	0	0	0
k141_13810	2111	0	0	0
k141_13811	1381	0	0	0
k141_1621	1654	0	0	0
k141_13812	2089	0	0	0
k141_9859	311134	0	0	0
k141_9860	1393	0	0	0
k141_8123	9019	0	0	0
k141_13815	2820	0	0	0
k141_9861	2312	0	0	0
k141_13816	1110	0	0	0
k141_8124	2467	0	0	0
k141_8126	1497	0	0	0
k141_4893	94251	0	0	0
k141_1622	12690	0	0	0
k141_13817	5964	0	0	0
k141_13818	1342	0	0	0
k141_8129	4012	0	0	0
k141_1623	1599	0	0	0
k141_9862	8068	0	0	0
k141_4894	3566	0	0	0
k141_13819	1375	0	0	0
k141_8130	1707	0	0	0
k141_9863	1885	0	0	0
k141_4895	1401	0	0	0
k141_9865	1378	0	0	0
k141_13821	2501	0	0	0
k141_4898	1097	0	0	0
k141_9866	1101	0	0	0
k141_8134	3437	0	0	0
k141_13824	2308	0	0	0
k141_9867	3574	0	0	0
k141_13825	2594	0	0	0
k141_8137	2013	0	0	0
k141_4900	6442	0	0	0
k141_9868	3590	0	0	0
k141_13826	2738	0	0	0
k141_8140	3212	0	0	0
k141_9869	2614	0	0	0
k141_11580	61732	0	0	0
k141_4901	4753	0	0	0
k141_8142	2001	0	0	0
k141_9872	1917	0	0	0
k141_11581	3054	0	0	0
k141_4902	2302	0	0	0
k141_13828	5577	0	0	0
k141_13829	2363	0	0	0
k141_8143	4464	0	0	0
k141_4905	2699	0	0	0
k141_13830	1142	0	0	0
k141_9873	6901	0	0	0
k141_11582	5487	0	0	0
k141_4906	2058	0	0	0
k141_13832	1494	0	0	0
k141_13833	1028	0	0	0
k141_9875	1328	0	0	0
k141_1625	24411	0	0	0
k141_13834	1026	0	0	0
k141_11584	2793	0	0	0
k141_4907	2926	0	0	0
k141_13835	1534	0	0	0
k141_11586	2069	0	0	0
k141_4908	2938	0	0	0
k141_1626	4606	0	0	0
k141_13836	3161	0	0	0
k141_9876	6174	0	0	0
k141_9877	1604	0	0	0
k141_8144	11733	0	0	0
k141_13837	2592	0	0	0
k141_4912	2258	0	0	0
k141_9878	1183	0	0	0
k141_8145	1404	0	0	0
k141_11587	6554	0	0	0
k141_8146	1477	0	0	0
k141_13838	3398	0	0	0
k141_1628	6349	0	0	0
k141_13839	1838	0	0	0
k141_1631	1133	0	0	0
k141_8151	2589	0	0	0
k141_4913	6283	0	0	0
k141_9879	6448	0	0	0
k141_11589	4645	0	0	0
k141_8152	2239	0	0	0
k141_4914	2814	0	0	0
k141_11590	1862	0	0	0
k141_9880	3068	0	0	0
k141_1634	3445	0	0	0
k141_8153	1723	0	0	0
k141_8154	1428	0	0	0
k141_4915	2473	0	0	0
k141_1635	2471	0	0	0
k141_9881	3677	0	0	0
k141_11591	3999	0	0	0
k141_8156	2098	0	0	0
k141_4916	2351	0	0	0
k141_1636	1793	0	0	0
k141_11592	1201	0	0	0
k141_13841	8313	0	0	0
k141_9882	2312	0	0	0
k141_8157	1784	0	0	0
k141_9884	1025	0	0	0
k141_1638	3022	0	0	0
k141_4917	3969	0	0	0
k141_8158	2994	0	0	0
k141_1639	1321	0	0	0
k141_13844	2947	0	0	0
k141_9886	2256	0	0	0
k141_4918	2332	0	0	0
k141_9887	1062	0	0	0
k141_8159	2285	0	0	0
k141_1640	2844	0	0	0
k141_13845	3364	0	0	0
k141_8160	3022	0	0	0
k141_1642	1709	0	0	0
k141_4919	5677	0	0	0
k141_1643	2858	0	0	0
k141_9889	6096	0	0	0
k141_4920	1415	0	0	0
k141_8162	3532	0	0	0
k141_13848	4191	0	0	0
k141_4921	1063	0	0	0
k141_8163	1325	0	0	0
k141_13849	1318	0	0	0
k141_4922	1643	0	0	0
k141_4923	3230	0	0	0
k141_13850	4054	0	0	0
k141_1644	8039	0	0	0
k141_11593	20037	0	0	0
k141_8165	5746	0	0	0
k141_4924	2238	0	0	0
k141_9890	8825	0	0	0
k141_13852	2275	0	0	0
k141_13853	1527	0	0	0
k141_9891	2761	0	0	0
k141_1648	3742	0	0	0
k141_11597	4443	0	0	0
k141_8168	4414	0	0	0
k141_13854	2964	0	0	0
k141_9892	3698	0	0	0
k141_13855	1641	0	0	0
k141_4926	6977	0	0	0
k141_1651	4869	0	0	0
k141_9894	3119	0	0	0
k141_8169	5043	0	0	0
k141_1652	1778	0	0	0
k141_9895	1312	0	0	0
k141_4927	5134	0	0	0
k141_13856	5848	0	0	0
k141_9897	1797	0	0	0
k141_8171	2439	0	0	0
k141_13859	1437	0	0	0
k141_1656	2955	0	0	0
k141_8172	2419	0	0	0
k141_9898	3773	0	0	0
k141_9899	1117	0	0	0
k141_1657	3752	0	0	0
k141_13861	3248	0	0	0
k141_8173	3885	0	0	0
k141_9900	2287	0	0	0
k141_8174	1913	0	0	0
k141_13862	2780	0	0	0
k141_9902	3119	0	0	0
k141_13863	1430	0	0	0
k141_4930	10497	0	0	0
k141_9904	1271	0	0	0
k141_1658	5622	0	0	0
k141_1659	1214	0	0	0
k141_8176	4867	0	0	0
k141_11598	22745	0	0	0
k141_11599	1108	0	0	0
k141_13864	5435	0	0	0
k141_11600	1332	0	0	0
k141_9906	4729	0	0	0
k141_8177	3626	0	0	0
k141_11601	1358	0	0	0
k141_8178	1206	0	0	0
k141_9912	1137	0	0	0
k141_11602	1263	0	0	0
k141_8179	1127	0	0	0
k141_11603	1005	0	0	0
k141_11604	1078	0	0	0
k141_11605	1045	0	0	0
k141_13867	2381	0	0	0
k141_8180	3554	0	0	0
k141_9913	5926	0	0	0
k141_11607	4334	0	0	0
k141_8181	3164	0	0	0
k141_13868	1962	0	0	0
k141_9917	1669	0	0	0
k141_9918	1155	0	0	0
k141_13869	4223	0	0	0
k141_9919	3100	0	0	0
k141_13871	1583	0	0	0
k141_13872	1895	0	0	0
k141_13873	1451	0	0	0
k141_9920	5246	0	0	0
k141_4931	25936	0	0	0
k141_8183	11214	0	0	0
k141_3037	139419	0	0	0
k141_9925	1701	0	0	0
k141_13875	3689	0	0	0
k141_3039	2369	0	0	0
k141_9926	1523	0	0	0
k141_13876	1875	0	0	0
k141_9927	1765	0	0	0
k141_8184	5957	0	0	0
k141_3041	2421	0	0	0
k141_4932	7093	0	0	0
k141_13877	3023	0	0	0
k141_9928	2880	0	0	0
k141_3044	1291	0	0	0
k141_8185	2488	0	0	0
k141_8186	1167	0	0	0
k141_13879	1610	0	0	0
k141_3046	1191	0	0	0
k141_4934	3010	0	0	0
k141_8187	1179	0	0	0
k141_9929	2920	0	0	0
k141_8188	1496	0	0	0
k141_13882	1461	0	0	0
k141_4935	2318	0	0	0
k141_3048	3053	0	0	0
k141_8189	1450	0	0	0
k141_8190	1148	0	0	0
k141_3050	1377	0	0	0
k141_13884	2620	0	0	0
k141_4936	2976	0	0	0
k141_8191	1861	0	0	0
k141_13885	1078	0	0	0
k141_4937	1371	0	0	0
k141_13886	2165	0	0	0
k141_8192	2788	0	0	0
k141_4938	4809	0	0	0
k141_8193	3607	0	0	0
k141_4941	1166	0	0	0
k141_9930	12932	0	0	0
k141_8194	1526	0	0	0
k141_9931	1534	0	0	0
k141_8195	1392	0	0	0
k141_3052	10396	0	0	0
k141_4942	2313	0	0	0
k141_13888	6876	0	0	0
k141_3053	1412	0	0	0
k141_13890	1325	0	0	0
k141_8200	1062	0	0	0
k141_4943	2282	0	0	0
k141_3054	1338	0	0	0
k141_9932	3532	0	0	0
k141_4944	1633	0	0	0
k141_9933	1700	0	0	0
k141_13891	3545	0	0	0
k141_4945	3272	0	0	0
k141_9936	1907	0	0	0
k141_4946	2019	0	0	0
k141_8201	7185	0	0	0
k141_13893	5833	0	0	0
k141_4950	2283	0	0	0
k141_13895	1774	0	0	0
k141_8202	6158	0	0	0
k141_8205	1478	0	0	0
k141_13898	3457	0	0	0
k141_11608	55544	0	0	0
k141_13899	1368	0	0	0
k141_3055	16734	0	0	0
k141_4951	7234	0	0	0
k141_11609	1103	0	0	0
k141_13900	1942	0	0	0
k141_3057	1508	0	0	0
k141_4952	2531	0	0	0
k141_13901	1314	0	0	0
k141_8209	4323	0	0	0
k141_3059	1511	0	0	0
k141_13902	1809	0	0	0
k141_4953	2070	0	0	0
k141_3060	1996	0	0	0
k141_13905	1591	0	0	0
k141_8212	2114	0	0	0
k141_11610	6449	0	0	0
k141_4954	2433	0	0	0
k141_3061	1836	0	0	0
k141_9937	4472	0	0	0
k141_8214	1622	0	0	0
k141_13906	3007	0	0	0
k141_1661	81000	0	0	0
k141_4955	4677	0	0	0
k141_9938	4027	0	0	0
k141_1662	2561	0	0	0
k141_11612	5105	0	0	0
k141_3062	5344	0	0	0
k141_8217	3162	0	0	0
k141_4956	2384	0	0	0
k141_13908	3907	0	0	0
k141_3063	2361	0	0	0
k141_4957	1560	0	0	0
k141_11613	2931	0	0	0
k141_1663	3757	0	0	0
k141_13909	3395	0	0	0
k141_4959	1839	0	0	0
k141_1665	1838	0	0	0
k141_8220	2992	0	0	0
k141_13911	1678	0	0	0
k141_8222	1159	0	0	0
k141_11617	2751	0	0	0
k141_9943	6444	0	0	0
k141_11618	1424	0	0	0
k141_4960	4068	0	0	0
k141_8224	1022	0	0	0
k141_9944	1056	0	0	0
k141_1666	4024	0	0	0
k141_13913	2844	0	0	0
k141_8225	2078	0	0	0
k141_9946	1975	0	0	0
k141_1667	2311	0	0	0
k141_11621	1844	0	0	0
k141_13914	1703	0	0	0
k141_1668	1877	0	0	0
k141_11622	1899	0	0	0
k141_9947	2582	0	0	0
k141_4962	4814	0	0	0
k141_11623	1894	0	0	0
k141_8226	4466	0	0	0
k141_11624	1427	0	0	0
k141_3065	14691	0	0	0
k141_1669	4208	0	0	0
k141_13919	3422	0	0	0
k141_9948	4840	0	0	0
k141_11625	2596	0	0	0
k141_4963	4832	0	0	0
k141_9949	1005	0	0	0
k141_3066	3440	0	0	0
k141_9950	2032	0	0	0
k141_13920	3532	0	0	0
k141_11626	2597	0	0	0
k141_8227	4033	0	0	0
k141_4964	4034	0	0	0
k141_13922	1521	0	0	0
k141_8229	1048	0	0	0
k141_11627	2686	0	0	0
k141_9952	2826	0	0	0
k141_13923	1577	0	0	0
k141_3067	4444	0	0	0
k141_1674	6626	0	0	0
k141_13924	1296	0	0	0
k141_4965	2224	0	0	0
k141_11628	2728	0	0	0
k141_8231	3609	0	0	0
k141_4966	1788	0	0	0
k141_3069	3260	0	0	0
k141_9953	4923	0	0	0
k141_13925	3713	0	0	0
k141_1676	4660	0	0	0
k141_4967	2857	0	0	0
k141_3071	2012	0	0	0
k141_13927	1234	0	0	0
k141_1677	1685	0	0	0
k141_3072	1037	0	0	0
k141_1678	1515	0	0	0
k141_11629	6240	0	0	0
k141_9959	2249	0	0	0
k141_3074	1526	0	0	0
k141_4969	3395	0	0	0
k141_9960	1001	0	0	0
k141_11630	1485	0	0	0
k141_13928	3283	0	0	0
k141_1680	1133	0	0	0
k141_3075	1755	0	0	0
k141_3077	1240	0	0	0
k141_13929	2544	0	0	0
k141_1681	2413	0	0	0
k141_4971	2890	0	0	0
k141_3079	1291	0	0	0
k141_13931	1610	0	0	0
k141_9961	4989	0	0	0
k141_4973	1447	0	0	0
k141_3081	1495	0	0	0
k141_13932	1408	0	0	0
k141_9962	1176	0	0	0
k141_11632	5380	0	0	0
k141_1682	3658	0	0	0
k141_3082	1447	0	0	0
k141_9965	1187	0	0	0
k141_3084	2268	0	0	0
k141_9966	2007	0	0	0
k141_1684	3093	0	0	0
k141_9967	1039	0	0	0
k141_13933	5208	0	0	0
k141_4974	6114	0	0	0
k141_1685	1779	0	0	0
k141_3085	2834	0	0	0
k141_9968	1663	0	0	0
k141_13934	2030	0	0	0
k141_3086	1267	0	0	0
k141_9969	1230	0	0	0
k141_13936	1092	0	0	0
k141_11633	8440	0	0	0
k141_4975	3267	0	0	0
k141_1686	3052	0	0	0
k141_11634	1355	0	0	0
k141_4976	1471	0	0	0
k141_13937	2105	0	0	0
k141_9972	2521	0	0	0
k141_1687	2408	0	0	0
k141_4977	1350	0	0	0
k141_11635	2518	0	0	0
k141_4978	1260	0	0	0
k141_4979	1535	0	0	0
k141_11636	3070	0	0	0
k141_13938	4928	0	0	0
k141_9973	5036	0	0	0
k141_4982	2315	0	0	0
k141_13939	2518	0	0	0
k141_1689	6904	0	0	0
k141_9975	2414	0	0	0
k141_13940	1577	0	0	0
k141_4985	2967	0	0	0
k141_9976	1466	0	0	0
k141_1692	1438	0	0	0
k141_9977	2319	0	0	0
k141_13941	5449	0	0	0
k141_3087	19148	0	0	0
k141_13942	1787	0	0	0
k141_4986	6845	0	0	0
k141_13943	1804	0	0	0
k141_4987	1988	0	0	0
k141_1694	8017	0	0	0
k141_4988	1474	0	0	0
k141_9978	8743	0	0	0
k141_13944	2857	0	0	0
k141_1696	1985	0	0	0
k141_4989	2662	0	0	0
k141_1697	2759	0	0	0
k141_9979	4565	0	0	0
k141_4990	3089	0	0	0
k141_1698	1314	0	0	0
k141_9980	1509	0	0	0
k141_1699	1688	0	0	0
k141_13947	5800	0	0	0
k141_4993	1509	0	0	0
k141_13948	1498	0	0	0
k141_9983	2741	0	0	0
k141_1702	2393	0	0	0
k141_9984	4088	0	0	0
k141_4996	5650	0	0	0
k141_1704	3139	0	0	0
k141_8232	55449	0	0	0
k141_1706	1108	0	0	0
k141_4997	2645	0	0	0
k141_8233	2023	0	0	0
k141_4998	1999	0	0	0
k141_1708	2314	0	0	0
k141_9988	3321	0	0	0
k141_13949	11226	0	0	0
k141_1709	1686	0	0	0
k141_9990	1204	0	0	0
k141_4999	3502	0	0	0
k141_13950	1941	0	0	0
k141_8234	6664	0	0	0
k141_13951	1484	0	0	0
k141_9991	4608	0	0	0
k141_8235	1490	0	0	0
k141_5000	4494	0	0	0
k141_1711	5204	0	0	0
k141_9992	1713	0	0	0
k141_8236	1767	0	0	0
k141_9993	1340	0	0	0
k141_9994	1093	0	0	0
k141_13952	5289	0	0	0
k141_8238	2435	0	0	0
k141_5002	2574	0	0	0
k141_9995	2156	0	0	0
k141_8240	1306	0	0	0
k141_8241	1157	0	0	0
k141_5004	2862	0	0	0
k141_1712	6588	0	0	0
k141_13953	4447	0	0	0
k141_9996	2880	0	0	0
k141_1713	2364	0	0	0
k141_9999	2095	0	0	0
k141_13954	4317	0	0	0
k141_8244	4885	0	0	0
k141_1715	4380	0	0	0
k141_8245	1196	0	0	0
k141_13955	3529	0	0	0
k141_1716	2085	0	0	0
k141_13957	1088	0	0	0
k141_8246	3774	0	0	0
k141_13958	2235	0	0	0
k141_5010	9402	0	0	0
k141_8247	1139	0	0	0
k141_11637	59539	0	0	0
k141_1717	4085	0	0	0
k141_1718	1002	0	0	0
k141_13960	2158	0	0	0
k141_1719	1236	0	0	0
k141_11639	1937	0	0	0
k141_8248	3566	0	0	0
k141_11640	1163	0	0	0
k141_11642	2250	0	0	0
k141_8249	3432	0	0	0
k141_11644	1822	0	0	0
k141_13961	9207	0	0	0
k141_11645	3338	0	0	0
k141_1720	9162	0	0	0
k141_13963	2340	0	0	0
k141_1721	2010	0	0	0
k141_1722	2318	0	0	0
k141_11646	5301	0	0	0
k141_1723	1763	0	0	0
k141_1724	1060	0	0	0
k141_13970	3163	0	0	0
k141_11647	2658	0	0	0
k141_1725	1370	0	0	0
k141_11648	1334	0	0	0
k141_1726	1859	0	0	0
k141_11649	1190	0	0	0
k141_13971	3084	0	0	0
k141_1727	1259	0	0	0
k141_1728	1171	0	0	0
k141_13973	2747	0	0	0
k141_11650	4424	0	0	0
k141_1729	2811	0	0	0
k141_13974	1787	0	0	0
k141_13975	2310	0	0	0
k141_11655	1821	0	0	0
k141_1732	2746	0	0	0
k141_13976	2128	0	0	0
k141_1734	2362	0	0	0
k141_11659	3004	0	0	0
k141_13980	3464	0	0	0
k141_1735	4640	0	0	0
k141_10000	47942	0	0	0
k141_11661	4359	0	0	0
k141_13981	3280	0	0	0
k141_10001	1860	0	0	0
k141_13984	1137	0	0	0
k141_1736	3681	0	0	0
k141_8250	34047	0	0	0
k141_10002	2051	0	0	0
k141_13985	1377	0	0	0
k141_13986	1456	0	0	0
k141_1737	2417	0	0	0
k141_5012	45295	0	0	0
k141_8251	3989	0	0	0
k141_1739	1487	0	0	0
k141_13987	3100	0	0	0
k141_1740	1006	0	0	0
k141_8252	1887	0	0	0
k141_1741	1475	0	0	0
k141_5015	1774	0	0	0
k141_10003	7252	0	0	0
k141_13988	2527	0	0	0
k141_8253	2049	0	0	0
k141_1742	2128	0	0	0
k141_5016	2965	0	0	0
k141_13989	3430	0	0	0
k141_8254	3217	0	0	0
k141_10004	4608	0	0	0
k141_8255	1125	0	0	0
k141_13991	1883	0	0	0
k141_1745	3871	0	0	0
k141_10006	1353	0	0	0
k141_13992	1738	0	0	0
k141_1747	1342	0	0	0
k141_8256	3285	0	0	0
k141_10007	2205	0	0	0
k141_1748	2811	0	0	0
k141_8257	3385	0	0	0
k141_1749	2418	0	0	0
k141_13993	5764	0	0	0
k141_10009	4839	0	0	0
k141_10010	1018	0	0	0
k141_1750	3361	0	0	0
k141_10011	2256	0	0	0
k141_1752	1767	0	0	0
k141_10012	2323	0	0	0
k141_1753	1557	0	0	0
k141_10013	1674	0	0	0
k141_1754	1333	0	0	0
k141_10014	3523	0	0	0
k141_10015	2210	0	0	0
k141_1755	4672	0	0	0
k141_8258	15376	0	0	0
k141_10017	1673	0	0	0
k141_8259	1476	0	0	0
k141_1758	3058	0	0	0
k141_1759	1928	0	0	0
k141_10019	5098	0	0	0
k141_1760	4631	0	0	0
k141_10022	3685	0	0	0
k141_8262	7263	0	0	0
k141_1761	2541	0	0	0
k141_10024	1851	0	0	0
k141_8263	2330	0	0	0
k141_10025	1400	0	0	0
k141_13994	29336	0	0	0
k141_13995	1221	0	0	0
k141_10027	2114	0	0	0
k141_8264	4059	0	0	0
k141_13997	1049	0	0	0
k141_8266	1693	0	0	0
k141_8267	1432	0	0	0
k141_11662	59300	0	0	0
k141_14000	3165	0	0	0
k141_10030	5477	0	0	0
k141_14001	1023	0	0	0
k141_8268	4048	0	0	0
k141_11663	3385	0	0	0
k141_11664	1117	0	0	0
k141_8272	2823	0	0	0
k141_8273	1059	0	0	0
k141_14007	3004	0	0	0
k141_8274	1556	0	0	0
k141_14009	1842	0	0	0
k141_8275	2125	0	0	0
k141_14010	3595	0	0	0
k141_11665	10025	0	0	0
k141_8276	4972	0	0	0
k141_11666	2075	0	0	0
k141_8277	4362	0	0	0
k141_14011	7542	0	0	0
k141_10032	20809	0	0	0
k141_8278	2284	0	0	0
k141_11667	5638	0	0	0
k141_10033	1025	0	0	0
k141_11668	1084	0	0	0
k141_11669	2719	0	0	0
k141_11670	2926	0	0	0
k141_11671	1305	0	0	0
k141_10034	7885	0	0	0
k141_8282	6709	0	0	0
k141_11672	2489	0	0	0
k141_8283	2159	0	0	0
k141_8284	2020	0	0	0
k141_10036	5978	0	0	0
k141_11673	4720	0	0	0
k141_14012	17016	0	0	0
k141_11674	1373	0	0	0
k141_14013	1365	0	0	0
k141_11675	1216	0	0	0
k141_14014	1213	0	0	0
k141_8285	6308	0	0	0
k141_14016	2181	0	0	0
k141_10038	6196	0	0	0
k141_8287	2125	0	0	0
k141_14017	1728	0	0	0
k141_11676	4984	0	0	0
k141_10039	1050	0	0	0
k141_8289	1761	0	0	0
k141_14019	1859	0	0	0
k141_11678	2815	0	0	0
k141_14020	1268	0	0	0
k141_10040	5091	0	0	0
k141_8292	2379	0	0	0
k141_11682	1316	0	0	0
k141_10041	1132	0	0	0
k141_3088	202309	0	0	0
k141_8293	1408	0	0	0
k141_11683	1860	0	0	0
k141_10042	2025	0	0	0
k141_14021	4893	0	0	0
k141_8294	2393	0	0	0
k141_14022	1716	0	0	0
k141_11684	2846	0	0	0
k141_8296	1052	0	0	0
k141_14024	1373	0	0	0
k141_10043	6123	0	0	0
k141_3089	7073	0	0	0
k141_14026	2713	0	0	0
k141_11686	4100	0	0	0
k141_10045	1096	0	0	0
k141_11687	1520	0	0	0
k141_8300	3512	0	0	0
k141_11688	1034	0	0	0
k141_14027	2458	0	0	0
k141_10046	1894	0	0	0
k141_10047	1133	0	0	0
k141_11690	1415	0	0	0
k141_8301	3295	0	0	0
k141_14028	2767	0	0	0
k141_11691	1464	0	0	0
k141_10049	1302	0	0	0
k141_10050	1693	0	0	0
k141_11693	1363	0	0	0
k141_14029	2809	0	0	0
k141_8302	3077	0	0	0
k141_10051	1150	0	0	0
k141_11694	1031	0	0	0
k141_14030	1411	0	0	0
k141_8303	1319	0	0	0
k141_11695	1618	0	0	0
k141_8304	1167	0	0	0
k141_3093	9772	0	0	0
k141_10052	2872	0	0	0
k141_14031	2089	0	0	0
k141_3095	3136	0	0	0
k141_11697	3355	0	0	0
k141_14033	3418	0	0	0
k141_8305	5425	0	0	0
k141_11698	2087	0	0	0
k141_10053	5328	0	0	0
k141_14034	2340	0	0	0
k141_3096	4128	0	0	0
k141_11699	4480	0	0	0
k141_14036	3247	0	0	0
k141_3099	2685	0	0	0
k141_3100	1930	0	0	0
k141_10057	5385	0	0	0
k141_14038	1831	0	0	0
k141_10058	1871	0	0	0
k141_14039	1913	0	0	0
k141_11700	5443	0	0	0
k141_10059	1804	0	0	0
k141_14041	1251	0	0	0
k141_11701	2580	0	0	0
k141_3101	6452	0	0	0
k141_14042	2709	0	0	0
k141_14043	1538	0	0	0
k141_11703	3165	0	0	0
k141_10060	6653	0	0	0
k141_5017	140643	0	0	0
k141_11706	1768	0	0	0
k141_14044	4085	0	0	0
k141_10061	2145	0	0	0
k141_3102	5807	0	0	0
k141_10062	1489	0	0	0
k141_3103	1444	0	0	0
k141_5018	2417	0	0	0
k141_3105	1220	0	0	0
k141_5019	1318	0	0	0
k141_5020	1879	0	0	0
k141_3107	2796	0	0	0
k141_10064	4370	0	0	0
k141_11707	6381	0	0	0
k141_5021	1596	0	0	0
k141_3108	1494	0	0	0
k141_3109	1374	0	0	0
k141_5022	2701	0	0	0
k141_11708	4662	0	0	0
k141_5023	2375	0	0	0
k141_10065	5010	0	0	0
k141_10066	1234	0	0	0
k141_5024	1748	0	0	0
k141_11709	3050	0	0	0
k141_11711	1559	0	0	0
k141_10070	1640	0	0	0
k141_11712	1177	0	0	0
k141_10071	2154	0	0	0
k141_5026	5066	0	0	0
k141_3110	10821	0	0	0
k141_5028	1114	0	0	0
k141_3112	1097	0	0	0
k141_11714	3965	0	0	0
k141_10075	1963	0	0	0
k141_3113	1579	0	0	0
k141_5029	2982	0	0	0
k141_10076	1432	0	0	0
k141_5030	1455	0	0	0
k141_11719	1183	0	0	0
k141_3117	1484	0	0	0
k141_5032	2311	0	0	0
k141_10077	3710	0	0	0
k141_11721	2816	0	0	0
k141_5034	1547	0	0	0
k141_10078	2198	0	0	0
k141_5035	1474	0	0	0
k141_10079	2243	0	0	0
k141_5038	2015	0	0	0
k141_10082	1770	0	0	0
k141_10086	1522	0	0	0
k141_3119	12011	0	0	0
k141_10087	3176	0	0	0
k141_5039	6573	0	0	0
k141_5040	2109	0	0	0
k141_10088	2837	0	0	0
k141_5041	2323	0	0	0
k141_11722	20688	0	0	0
k141_10089	8537	0	0	0
k141_3121	12275	0	0	0
k141_11723	1801	0	0	0
k141_10090	1214	0	0	0
k141_3122	1335	0	0	0
k141_3124	1154	0	0	0
k141_10091	3664	0	0	0
k141_11724	4655	0	0	0
k141_10092	2476	0	0	0
k141_3126	3821	0	0	0
k141_14047	56854	0	0	0
k141_10093	1628	0	0	0
k141_3128	1883	0	0	0
k141_5042	16356	0	0	0
k141_14048	1793	0	0	0
k141_10094	1891	0	0	0
k141_1764	165047	0	0	0
k141_5043	1329	0	0	0
k141_10095	1630	0	0	0
k141_3130	2628	0	0	0
k141_1765	2340	0	0	0
k141_5047	1119	0	0	0
k141_3131	2038	0	0	0
k141_3132	1510	0	0	0
k141_10097	4946	0	0	0
k141_10098	1170	0	0	0
k141_1766	5547	0	0	0
k141_3134	3201	0	0	0
k141_5050	5444	0	0	0
k141_1767	1909	0	0	0
k141_10101	1522	0	0	0
k141_5051	1077	0	0	0
k141_14050	11476	0	0	0
k141_3135	3461	0	0	0
k141_5053	1353	0	0	0
k141_10103	1703	0	0	0
k141_3136	1320	0	0	0
k141_14051	2925	0	0	0
k141_3138	1224	0	0	0
k141_1769	4188	0	0	0
k141_10104	3352	0	0	0
k141_3139	1509	0	0	0
k141_5055	3521	0	0	0
k141_10105	1322	0	0	0
k141_5056	1627	0	0	0
k141_14052	4796	0	0	0
k141_3141	2961	0	0	0
k141_5058	1911	0	0	0
k141_10106	3874	0	0	0
k141_14053	1480	0	0	0
k141_3143	1663	0	0	0
k141_5060	1153	0	0	0
k141_10107	2164	0	0	0
k141_10108	2707	0	0	0
k141_5061	3544	0	0	0
k141_3144	4419	0	0	0
k141_5062	1071	0	0	0
k141_5063	1428	0	0	0
k141_10110	4729	0	0	0
k141_5064	1324	0	0	0
k141_10113	3180	0	0	0
k141_5065	4368	0	0	0
k141_5066	1557	0	0	0
k141_10115	2506	0	0	0
k141_14054	14912	0	0	0
k141_11727	40222	0	0	0
k141_5069	1272	0	0	0
k141_11728	1628	0	0	0
k141_11729	1142	0	0	0
k141_5070	2931	0	0	0
k141_14055	3910	0	0	0
k141_10116	6075	0	0	0
k141_11732	1338	0	0	0
k141_10118	1338	0	0	0
k141_5072	2973	0	0	0
k141_5073	1069	0	0	0
k141_14056	5483	0	0	0
k141_11733	4683	0	0	0
k141_14058	1178	0	0	0
k141_11735	1240	0	0	0
k141_5074	5015	0	0	0
k141_14059	3508	0	0	0
k141_11739	1273	0	0	0
k141_14060	2389	0	0	0
k141_5075	4399	0	0	0
k141_14061	1016	0	0	0
k141_11741	2642	0	0	0
k141_14062	1653	0	0	0
k141_11742	2033	0	0	0
k141_14063	1099	0	0	0
k141_11743	1282	0	0	0
k141_5076	4355	0	0	0
k141_14065	1719	0	0	0
k141_11744	1252	0	0	0
k141_11748	4241	0	0	0
k141_5077	7020	0	0	0
k141_5078	1673	0	0	0
k141_5079	1065	0	0	0
k141_11751	2405	0	0	0
k141_14066	9886	0	0	0
k141_5080	2559	0	0	0
k141_14067	1671	0	0	0
k141_11753	3857	0	0	0
k141_14068	3151	0	0	0
k141_5082	3535	0	0	0
k141_11758	1829	0	0	0
k141_11759	1021	0	0	0
k141_5083	3883	0	0	0
k141_11760	3362	0	0	0
k141_5084	2666	0	0	0
k141_5085	1015	0	0	0
k141_5086	1174	0	0	0
k141_11761	2930	0	0	0
k141_14070	8725	0	0	0
k141_5088	1451	0	0	0
k141_11765	1334	0	0	0
k141_5089	3540	0	0	0
k141_5091	1096	0	0	0
k141_11768	3085	0	0	0
k141_14071	6691	0	0	0
k141_11769	1737	0	0	0
k141_5092	2208	0	0	0
k141_14072	2038	0	0	0
k141_5093	2390	0	0	0
k141_11773	2126	0	0	0
k141_5094	2044	0	0	0
k141_11774	1528	0	0	0
k141_14074	3682	0	0	0
k141_5095	3073	0	0	0
k141_11775	4748	0	0	0
k141_14075	5596	0	0	0
k141_5097	3696	0	0	0
k141_11776	1818	0	0	0
k141_5098	1054	0	0	0
k141_11777	1120	0	0	0
k141_5099	1164	0	0	0
k141_11779	1077	0	0	0
k141_11780	1452	0	0	0
k141_11781	2017	0	0	0
k141_11782	3084	0	0	0
k141_5100	6911	0	0	0
k141_5101	2083	0	0	0
k141_11784	3708	0	0	0
k141_11785	2561	0	0	0
k141_5102	4810	0	0	0
k141_11786	1681	0	0	0
k141_14077	18345	0	0	0
k141_11788	1926	0	0	0
k141_14079	1564	0	0	0
k141_11789	2120	0	0	0
k141_11790	1833	0	0	0
k141_11791	2208	0	0	0
k141_14081	5274	0	0	0
k141_5103	15883	0	0	0
k141_14083	6275	0	0	0
k141_5104	1936	0	0	0
k141_5105	3899	0	0	0
k141_14084	4987	0	0	0
k141_5106	1548	0	0	0
k141_14085	2262	0	0	0
k141_14086	1233	0	0	0
k141_14087	1981	0	0	0
k141_5107	6174	0	0	0
k141_14089	1515	0	0	0
k141_14090	3001	0	0	0
k141_14091	1326	0	0	0
k141_5109	5069	0	0	0
k141_14093	1044	0	0	0
k141_14094	1538	0	0	0
k141_5110	2134	0	0	0
k141_14095	1763	0	0	0
k141_11793	30108	0	0	0
k141_5114	3332	0	0	0
k141_11795	2243	0	0	0
k141_5115	2979	0	0	0
k141_14096	6134	0	0	0
k141_5116	1138	0	0	0
k141_5117	1024	0	0	0
k141_14097	2172	0	0	0
k141_5118	1122	0	0	0
k141_14098	1506	0	0	0
k141_5119	2881	0	0	0
k141_3147	139472	0	0	0
k141_11796	8771	0	0	0
k141_6374	768385	0	0	0
k141_11797	2473	0	0	0
k141_5120	6187	0	0	0
k141_14099	8910	0	0	0
k141_11798	2382	0	0	0
k141_3148	6814	0	0	0
k141_5121	2461	0	0	0
k141_11799	2352	0	0	0
k141_5122	1439	0	0	0
k141_3149	2976	0	0	0
k141_11800	1646	0	0	0
k141_14102	3930	0	0	0
k141_11801	3664	0	0	0
k141_11802	1518	0	0	0
k141_5123	7737	0	0	0
k141_11803	1453	0	0	0
k141_14104	5823	0	0	0
k141_5126	1021	0	0	0
k141_5127	1508	0	0	0
k141_14105	3588	0	0	0
k141_11806	4356	0	0	0
k141_5128	3172	0	0	0
k141_11807	1016	0	0	0
k141_11808	1634	0	0	0
k141_5130	1836	0	0	0
k141_14108	2463	0	0	0
k141_14109	1058	0	0	0
k141_14110	1168	0	0	0
k141_11810	2990	0	0	0
k141_5131	6835	0	0	0
k141_14112	5305	0	0	0
k141_11815	3448	0	0	0
k141_5132	2546	0	0	0
k141_11816	1238	0	0	0
k141_14114	1782	0	0	0
k141_11817	1361	0	0	0
k141_5133	3368	0	0	0
k141_14116	2330	0	0	0
k141_14117	2050	0	0	0
k141_5135	2071	0	0	0
k141_11818	4437	0	0	0
k141_14118	2394	0	0	0
k141_11819	1851	0	0	0
k141_14119	1849	0	0	0
k141_11821	1543	0	0	0
k141_5136	4974	0	0	0
k141_3150	35723	0	0	0
k141_14120	1556	0	0	0
k141_11824	1475	0	0	0
k141_3151	1992	0	0	0
k141_14122	1170	0	0	0
k141_5138	2513	0	0	0
k141_5140	2266	0	0	0
k141_14123	3220	0	0	0
k141_5142	1750	0	0	0
k141_14125	2784	0	0	0
k141_14126	1453	0	0	0
k141_11827	6222	0	0	0
k141_14127	2024	0	0	0
k141_11828	1366	0	0	0
k141_5143	7733	0	0	0
k141_11829	1088	0	0	0
k141_5144	1358	0	0	0
k141_5145	1181	0	0	0
k141_14130	1628	0	0	0
k141_14131	1754	0	0	0
k141_5146	1888	0	0	0
k141_11832	6282	0	0	0
k141_5150	1149	0	0	0
k141_11834	3009	0	0	0
k141_5151	3171	0	0	0
k141_11835	1843	0	0	0
k141_11836	1201	0	0	0
k141_5152	1609	0	0	0
k141_8307	313599	0	0	0
k141_11837	3335	0	0	0
k141_5159	1803	0	0	0
k141_8308	3788	0	0	0
k141_5162	1033	0	0	0
k141_11838	4430	0	0	0
k141_8310	2382	0	0	0
k141_5168	1709	0	0	0
k141_14132	16466	0	0	0
k141_11839	4114	0	0	0
k141_11840	1175	0	0	0
k141_8312	2671	0	0	0
k141_11842	2383	0	0	0
k141_8313	1578	0	0	0
k141_14135	3192	0	0	0
k141_11843	1113	0	0	0
k141_14136	1154	0	0	0
k141_11844	2244	0	0	0
k141_8314	2256	0	0	0
k141_5170	5875	0	0	0
k141_8317	1206	0	0	0
k141_11845	3603	0	0	0
k141_8318	1763	0	0	0
k141_11846	2033	0	0	0
k141_11848	1027	0	0	0
k141_14137	7240	0	0	0
k141_8321	2629	0	0	0
k141_11850	2288	0	0	0
k141_14138	1623	0	0	0
k141_8322	1547	0	0	0
k141_11852	1207	0	0	0
k141_14140	1512	0	0	0
k141_11853	1813	0	0	0
k141_8323	3960	0	0	0
k141_11854	3465	0	0	0
k141_5172	11752	0	0	0
k141_11855	1208	0	0	0
k141_6375	99044	0	0	0
k141_8324	2535	0	0	0
k141_14142	5443	0	0	0
k141_6376	1242	0	0	0
k141_11856	4542	0	0	0
k141_11857	1584	0	0	0
k141_14144	4365	0	0	0
k141_8325	6227	0	0	0
k141_14145	6321	0	0	0
k141_11858	12122	0	0	0
k141_14146	3682	0	0	0
k141_8329	8874	0	0	0
k141_8330	2011	0	0	0
k141_14147	2775	0	0	0
k141_8331	1090	0	0	0
k141_14148	1901	0	0	0
k141_6377	20324	0	0	0
k141_3153	77823	0	0	0
k141_14149	2676	0	0	0
k141_11859	11513	0	0	0
k141_6378	2454	0	0	0
k141_3154	1588	0	0	0
k141_11862	1590	0	0	0
k141_3155	1268	0	0	0
k141_14150	2178	0	0	0
k141_11863	2068	0	0	0
k141_11864	2110	0	0	0
k141_8332	8505	0	0	0
k141_6379	5373	0	0	0
k141_11865	1265	0	0	0
k141_8333	1894	0	0	0
k141_11866	1952	0	0	0
k141_3156	5693	0	0	0
k141_14151	6286	0	0	0
k141_6380	2738	0	0	0
k141_11867	1563	0	0	0
k141_14152	1594	0	0	0
k141_3158	1694	0	0	0
k141_8336	2294	0	0	0
k141_6381	3226	0	0	0
k141_3159	2193	0	0	0
k141_8337	1619	0	0	0
k141_11868	5085	0	0	0
k141_14153	3534	0	0	0
k141_11869	1216	0	0	0
k141_6382	2303	0	0	0
k141_14154	1416	0	0	0
k141_3161	3462	0	0	0
k141_8339	3871	0	0	0
k141_14155	2032	0	0	0
k141_11870	3890	0	0	0
k141_3162	2787	0	0	0
k141_8341	2168	0	0	0
k141_8342	1498	0	0	0
k141_11871	4835	0	0	0
k141_8343	2269	0	0	0
k141_11874	1855	0	0	0
k141_3163	4587	0	0	0
k141_8345	1507	0	0	0
k141_11878	1321	0	0	0
k141_6383	11736	0	0	0
k141_8346	1388	0	0	0
k141_3164	3879	0	0	0
k141_11881	1129	0	0	0
k141_6385	1667	0	0	0
k141_8348	2749	0	0	0
k141_3165	2631	0	0	0
k141_11883	2647	0	0	0
k141_6386	2296	0	0	0
k141_11884	2553	0	0	0
k141_6387	2003	0	0	0
k141_8350	3262	0	0	0
k141_6388	1860	0	0	0
k141_11888	2620	0	0	0
k141_8351	2473	0	0	0
k141_6389	1570	0	0	0
k141_6390	2601	0	0	0
k141_8356	1727	0	0	0
k141_6392	1948	0	0	0
k141_11889	10252	0	0	0
k141_6395	3131	0	0	0
k141_8357	6123	0	0	0
k141_11890	2477	0	0	0
k141_14156	28010	0	0	0
k141_6398	2767	0	0	0
k141_8358	3043	0	0	0
k141_11895	1638	0	0	0
k141_6399	2278	0	0	0
k141_11897	1269	0	0	0
k141_11899	1453	0	0	0
k141_6400	2750	0	0	0
k141_11900	1108	0	0	0
k141_5175	73051	0	0	0
k141_8359	5812	0	0	0
k141_14158	8045	0	0	0
k141_6401	2153	0	0	0
k141_8360	1127	0	0	0
k141_11901	4482	0	0	0
k141_5177	2733	0	0	0
k141_8363	1212	0	0	0
k141_6402	3710	0	0	0
k141_5178	1614	0	0	0
k141_14159	6360	0	0	0
k141_5179	2541	0	0	0
k141_8364	4178	0	0	0
k141_6403	4558	0	0	0
k141_8366	1529	0	0	0
k141_8367	3349	0	0	0
k141_5180	5943	0	0	0
k141_5181	2100	0	0	0
k141_11904	14869	0	0	0
k141_8370	2291	0	0	0
k141_11905	2253	0	0	0
k141_8371	1707	0	0	0
k141_11907	2036	0	0	0
k141_8372	1484	0	0	0
k141_5184	3175	0	0	0
k141_11910	2012	0	0	0
k141_8376	1466	0	0	0
k141_5185	3119	0	0	0
k141_8377	2978	0	0	0
k141_11913	3436	0	0	0
k141_11914	2020	0	0	0
k141_14160	20631	0	0	0
k141_5186	3963	0	0	0
k141_5187	1285	0	0	0
k141_11915	2518	0	0	0
k141_11916	2043	0	0	0
k141_5189	2543	0	0	0
k141_5190	2452	0	0	0
k141_5192	1195	0	0	0
k141_11918	7820	0	0	0
k141_11920	2833	0	0	0
k141_11921	3910	0	0	0
k141_11922	1062	0	0	0
k141_5194	6976	0	0	0
k141_11923	1422	0	0	0
k141_8378	19855	0	0	0
k141_5195	2051	0	0	0
k141_8380	1306	0	0	0
k141_11924	4364	0	0	0
k141_8382	2467	0	0	0
k141_11925	3825	0	0	0
k141_11926	1529	0	0	0
k141_5196	5934	0	0	0
k141_8383	2602	0	0	0
k141_14161	25818	0	0	0
k141_8384	2555	0	0	0
k141_5198	2762	0	0	0
k141_11927	7560	0	0	0
k141_5199	2372	0	0	0
k141_8388	3586	0	0	0
k141_5200	1723	0	0	0
k141_8389	3280	0	0	0
k141_5201	1707	0	0	0
k141_11928	9356	0	0	0
k141_8390	3839	0	0	0
k141_5203	3371	0	0	0
k141_8391	1919	0	0	0
k141_11929	4360	0	0	0
k141_11930	1155	0	0	0
k141_5205	3448	0	0	0
k141_8392	3312	0	0	0
k141_11931	3814	0	0	0
k141_8394	1110	0	0	0
k141_11932	1841	0	0	0
k141_11933	1067	0	0	0
k141_8396	1678	0	0	0
k141_5206	4576	0	0	0
k141_11935	1172	0	0	0
k141_8397	2008	0	0	0
k141_5207	2508	0	0	0
k141_8398	2634	0	0	0
k141_5208	1662	0	0	0
k141_8399	1036	0	0	0
k141_11936	6129	0	0	0
k141_8400	1085	0	0	0
k141_11937	4576	0	0	0
k141_8404	2385	0	0	0
k141_5211	4288	0	0	0
k141_11938	1249	0	0	0
k141_5212	1123	0	0	0
k141_11942	1915	0	0	0
k141_11944	1787	0	0	0
k141_8406	4183	0	0	0
k141_11945	3356	0	0	0
k141_5213	6276	0	0	0
k141_8410	1721	0	0	0
k141_8411	1010	0	0	0
k141_11946	5235	0	0	0
k141_11947	1062	0	0	0
k141_11948	2114	0	0	0
k141_5214	5836	0	0	0
k141_5215	2223	0	0	0
k141_11950	3838	0	0	0
k141_14162	49761	0	0	0
k141_5216	3303	0	0	0
k141_8413	10382	0	0	0
k141_11951	4081	0	0	0
k141_8414	1018	0	0	0
k141_14163	3447	0	0	0
k141_11952	2021	0	0	0
k141_8415	2012	0	0	0
k141_11953	1947	0	0	0
k141_10119	465463	0	0	0
k141_5217	5193	0	0	0
k141_11954	2639	0	0	0
k141_8419	2652	0	0	0
k141_5218	1409	0	0	0
k141_11957	2036	0	0	0
k141_5219	2269	0	0	0
k141_11960	1186	0	0	0
k141_10120	4627	0	0	0
k141_11961	1194	0	0	0
k141_8420	5312	0	0	0
k141_8421	1696	0	0	0
k141_10121	2962	0	0	0
k141_11965	2395	0	0	0
k141_10122	1292	0	0	0
k141_10123	2008	0	0	0
k141_8422	3946	0	0	0
k141_11967	2805	0	0	0
k141_8423	1347	0	0	0
k141_5220	8282	0	0	0
k141_11968	2966	0	0	0
k141_8424	2612	0	0	0
k141_8425	1940	0	0	0
k141_10124	5593	0	0	0
k141_11970	4496	0	0	0
k141_8426	3022	0	0	0
k141_8427	1325	0	0	0
k141_8428	2176	0	0	0
k141_8429	1840	0	0	0
k141_11971	7318	0	0	0
k141_8430	2790	0	0	0
k141_11975	1783	0	0	0
k141_11977	1326	0	0	0
k141_5221	14437	0	0	0
k141_8431	4245	0	0	0
k141_8432	1526	0	0	0
k141_11980	3211	0	0	0
k141_8433	2157	0	0	0
k141_5222	4248	0	0	0
k141_8434	1740	0	0	0
k141_8435	1446	0	0	0
k141_8436	1621	0	0	0
k141_8437	1380	0	0	0
k141_8439	5157	0	0	0
k141_8440	1022	0	0	0
k141_8441	1106	0	0	0
k141_5225	11340	0	0	0
k141_8442	2546	0	0	0
k141_5226	1840	0	0	0
k141_8444	3711	0	0	0
k141_5230	2752	0	0	0
k141_5231	1439	0	0	0
k141_8445	5846	0	0	0
k141_8446	3958	0	0	0
k141_11981	33170	0	0	0
k141_8449	1082	0	0	0
k141_11983	2218	0	0	0
k141_8450	2402	0	0	0
k141_8451	3943	0	0	0
k141_11984	5373	0	0	0
k141_11986	1223	0	0	0
k141_8452	2764	0	0	0
k141_11987	1796	0	0	0
k141_8453	1365	0	0	0
k141_11989	1040	0	0	0
k141_8455	2496	0	0	0
k141_11990	4531	0	0	0
k141_8457	1902	0	0	0
k141_5232	22771	0	0	0
k141_11991	5705	0	0	0
k141_8458	4897	0	0	0
k141_5233	1732	0	0	0
k141_8459	1103	0	0	0
k141_8460	1629	0	0	0
k141_5234	2188	0	0	0
k141_11992	3683	0	0	0
k141_5235	1000	0	0	0
k141_11993	1019	0	0	0
k141_5236	1737	0	0	0
k141_11995	2948	0	0	0
k141_5237	1613	0	0	0
k141_8462	5940	0	0	0
k141_11997	2354	0	0	0
k141_8465	1422	0	0	0
k141_5239	3399	0	0	0
k141_8466	1655	0	0	0
k141_8467	2442	0	0	0
k141_5241	2170	0	0	0
k141_12002	4848	0	0	0
k141_5244	6079	0	0	0
k141_12003	9233	0	0	0
k141_12004	2183	0	0	0
k141_5245	2900	0	0	0
k141_5247	1666	0	0	0
k141_12006	2851	0	0	0
k141_5251	1228	0	0	0
k141_12007	5944	0	0	0
k141_5252	4618	0	0	0
k141_8468	27814	0	0	0
k141_8470	1124	0	0	0
k141_8471	9437	0	0	0
k141_8472	1687	0	0	0
k141_8473	1490	0	0	0
k141_12010	19128	0	0	0
k141_8475	1023	0	0	0
k141_12013	2214	0	0	0
k141_8477	2519	0	0	0
k141_12014	1983	0	0	0
k141_8478	2571	0	0	0
k141_5253	21331	0	0	0
k141_6404	235161	0	0	0
k141_8481	1107	0	0	0
k141_8482	1600	0	0	0
k141_12015	6010	0	0	0
k141_6406	2167	0	0	0
k141_5256	2341	0	0	0
k141_8483	2554	0	0	0
k141_10125	119169	0	0	0
k141_5257	2031	0	0	0
k141_12016	7870	0	0	0
k141_5262	1408	0	0	0
k141_6407	6174	0	0	0
k141_8486	6920	0	0	0
k141_10126	6327	0	0	0
k141_5263	2075	0	0	0
k141_6408	1770	0	0	0
k141_12017	3688	0	0	0
k141_10127	1262	0	0	0
k141_5264	1168	0	0	0
k141_8487	2726	0	0	0
k141_6409	2222	0	0	0
k141_12018	2844	0	0	0
k141_8488	1493	0	0	0
k141_5267	1031	0	0	0
k141_12019	1742	0	0	0
k141_10128	4006	0	0	0
k141_12020	1861	0	0	0
k141_5269	1978	0	0	0
k141_6411	3068	0	0	0
k141_10129	1099	0	0	0
k141_8489	4692	0	0	0
k141_6412	1730	0	0	0
k141_5270	2381	0	0	0
k141_8491	1590	0	0	0
k141_6413	1975	0	0	0
k141_8492	1049	0	0	0
k141_6414	1487	0	0	0
k141_12021	6575	0	0	0
k141_5271	4584	0	0	0
k141_8493	4243	0	0	0
k141_10130	7292	0	0	0
k141_12022	3404	0	0	0
k141_8494	2402	0	0	0
k141_12023	1378	0	0	0
k141_6415	4578	0	0	0
k141_12024	1197	0	0	0
k141_8496	1608	0	0	0
k141_6416	1135	0	0	0
k141_8497	1178	0	0	0
k141_5272	4987	0	0	0
k141_6417	2047	0	0	0
k141_12025	3535	0	0	0
k141_5273	1764	0	0	0
k141_10131	6033	0	0	0
k141_8498	3224	0	0	0
k141_6418	2104	0	0	0
k141_8499	2212	0	0	0
k141_8501	1059	0	0	0
k141_12027	4475	0	0	0
k141_8506	1450	0	0	0
k141_12028	2406	0	0	0
k141_10133	5823	0	0	0
k141_12030	1235	0	0	0
k141_8508	2391	0	0	0
k141_10134	2136	0	0	0
k141_12033	2080	0	0	0
k141_8509	2732	0	0	0
k141_12035	1049	0	0	0
k141_10135	2368	0	0	0
k141_12036	1108	0	0	0
k141_10136	2699	0	0	0
k141_12040	1732	0	0	0
k141_8511	5216	0	0	0
k141_10137	1570	0	0	0
k141_10141	1291	0	0	0
k141_12041	4371	0	0	0
k141_8514	2385	0	0	0
k141_8515	1108	0	0	0
k141_10142	1732	0	0	0
k141_8518	2007	0	0	0
k141_8520	3653	0	0	0
k141_12042	9871	0	0	0
k141_8523	1016	0	0	0
k141_8525	2672	0	0	0
k141_12045	5168	0	0	0
k141_8528	3104	0	0	0
k141_12046	3140	0	0	0
k141_8529	3963	0	0	0
k141_12048	1612	0	0	0
k141_12049	1689	0	0	0
k141_12052	1038	0	0	0
k141_8532	2672	0	0	0
k141_12053	1960	0	0	0
k141_8533	2998	0	0	0
k141_8534	1872	0	0	0
k141_12054	3394	0	0	0
k141_12055	2544	0	0	0
k141_8535	3963	0	0	0
k141_12056	2492	0	0	0
k141_8538	1027	0	0	0
k141_3168	340455	0	0	0
k141_8539	4359	0	0	0
k141_8541	1074	0	0	0
k141_3170	2226	0	0	0
k141_3171	3195	0	0	0
k141_8545	4701	0	0	0
k141_3173	1177	0	0	0
k141_3174	1236	0	0	0
k141_8546	3153	0	0	0
k141_12057	17081	0	0	0
k141_3176	1115	0	0	0
k141_8549	1738	0	0	0
k141_3177	3395	0	0	0
k141_12061	2869	0	0	0
k141_12062	1616	0	0	0
k141_8550	5041	0	0	0
k141_8553	1646	0	0	0
k141_3178	4541	0	0	0
k141_3179	2082	0	0	0
k141_8554	3632	0	0	0
k141_3180	1086	0	0	0
k141_12063	7471	0	0	0
k141_8557	2240	0	0	0
k141_3181	1627	0	0	0
k141_12064	1884	0	0	0
k141_12065	2855	0	0	0
k141_12066	2891	0	0	0
k141_12067	1165	0	0	0
k141_3184	5173	0	0	0
k141_8560	7657	0	0	0
k141_3186	1175	0	0	0
k141_12068	1872	0	0	0
k141_8561	2928	0	0	0
k141_12072	1204	0	0	0
k141_3187	2643	0	0	0
k141_12073	2136	0	0	0
k141_8562	3435	0	0	0
k141_3191	1427	0	0	0
k141_12074	1731	0	0	0
k141_12075	1092	0	0	0
k141_8563	2647	0	0	0
k141_3193	1557	0	0	0
k141_12076	1968	0	0	0
k141_5274	86448	0	0	0
k141_8565	1864	0	0	0
k141_5276	1905	0	0	0
k141_3194	3941	0	0	0
k141_8566	4212	0	0	0
k141_3195	1181	0	0	0
k141_12077	8149	0	0	0
k141_8567	3367	0	0	0
k141_12078	1202	0	0	0
k141_5280	4254	0	0	0
k141_3196	4268	0	0	0
k141_12079	2343	0	0	0
k141_12080	1077	0	0	0
k141_3197	1556	0	0	0
k141_8569	4333	0	0	0
k141_12081	2598	0	0	0
k141_5281	3786	0	0	0
k141_8570	1611	0	0	0
k141_8571	1122	0	0	0
k141_3198	2951	0	0	0
k141_12083	1756	0	0	0
k141_5282	2080	0	0	0
k141_8572	2609	0	0	0
k141_12086	1207	0	0	0
k141_12087	1817	0	0	0
k141_8573	2462	0	0	0
k141_8574	1231	0	0	0
k141_5283	4240	0	0	0
k141_12088	2158	0	0	0
k141_5284	1293	0	0	0
k141_8575	2292	0	0	0
k141_12090	1191	0	0	0
k141_3201	6975	0	0	0
k141_5286	1709	0	0	0
k141_8577	1921	0	0	0
k141_3202	1424	0	0	0
k141_12092	2531	0	0	0
k141_10143	90909	0	0	0
k141_12093	1520	0	0	0
k141_8578	2539	0	0	0
k141_5287	3330	0	0	0
k141_8579	1325	0	0	0
k141_8580	2344	0	0	0
k141_5288	2713	0	0	0
k141_10144	4509	0	0	0
k141_12094	5190	0	0	0
k141_8582	1198	0	0	0
k141_12095	1928	0	0	0
k141_8583	1725	0	0	0
k141_12096	1226	0	0	0
k141_8584	1247	0	0	0
k141_10146	3007	0	0	0
k141_12098	1655	0	0	0
k141_10147	1310	0	0	0
k141_8585	2226	0	0	0
k141_3203	10331	0	0	0
k141_10148	1995	0	0	0
k141_3204	2122	0	0	0
k141_8586	3782	0	0	0
k141_12099	4421	0	0	0
k141_8588	1443	0	0	0
k141_12101	1271	0	0	0
k141_5289	10352	0	0	0
k141_8589	1413	0	0	0
k141_12102	1906	0	0	0
k141_5290	1759	0	0	0
k141_8591	1881	0	0	0
k141_5291	1245	0	0	0
k141_12103	3451	0	0	0
k141_8593	1628	0	0	0
k141_3206	8203	0	0	0
k141_8594	6209	0	0	0
k141_5293	6330	0	0	0
k141_3207	4429	0	0	0
k141_8595	1250	0	0	0
k141_8596	1185	0	0	0
k141_3208	1219	0	0	0
k141_8598	2244	0	0	0
k141_5294	4685	0	0	0
k141_12104	13221	0	0	0
k141_3211	2443	0	0	0
k141_12105	1119	0	0	0
k141_3213	1074	0	0	0
k141_5296	1589	0	0	0
k141_12106	1732	0	0	0
k141_8600	4309	0	0	0
k141_3214	1376	0	0	0
k141_3215	2263	0	0	0
k141_5297	3727	0	0	0
k141_8601	4344	0	0	0
k141_5298	2377	0	0	0
k141_3217	3377	0	0	0
k141_12107	8206	0	0	0
k141_3218	1647	0	0	0
k141_8602	5387	0	0	0
k141_12108	3414	0	0	0
k141_5300	4023	0	0	0
k141_12109	1559	0	0	0
k141_8603	3793	0	0	0
k141_12110	1944	0	0	0
k141_3221	4353	0	0	0
k141_5301	3644	0	0	0
k141_8604	3790	0	0	0
k141_3222	2747	0	0	0
k141_12112	4210	0	0	0
k141_8605	2905	0	0	0
k141_12113	2588	0	0	0
k141_5302	4327	0	0	0
k141_12114	1033	0	0	0
k141_3223	4070	0	0	0
k141_5303	3157	0	0	0
k141_12116	2834	0	0	0
k141_8608	4238	0	0	0
k141_3225	1212	0	0	0
k141_12117	2512	0	0	0
k141_5305	3057	0	0	0
k141_3226	3468	0	0	0
k141_8609	5936	0	0	0
k141_12118	4145	0	0	0
k141_3228	2326	0	0	0
k141_8612	2665	0	0	0
k141_3230	1197	0	0	0
k141_12119	4340	0	0	0
k141_3232	1457	0	0	0
k141_8613	3204	0	0	0
k141_8614	1661	0	0	0
k141_3235	1067	0	0	0
k141_5306	9560	0	0	0
k141_12120	5727	0	0	0
k141_8616	1751	0	0	0
k141_5307	1515	0	0	0
k141_5309	1404	0	0	0
k141_8619	2677	0	0	0
k141_3236	4608	0	0	0
k141_12121	5310	0	0	0
k141_3237	1881	0	0	0
k141_12122	1953	0	0	0
k141_3238	1440	0	0	0
k141_12124	1181	0	0	0
k141_8620	5157	0	0	0
k141_12125	1269	0	0	0
k141_3239	2053	0	0	0
k141_8621	3150	0	0	0
k141_12126	6743	0	0	0
k141_8622	3680	0	0	0
k141_8625	1228	0	0	0
k141_3240	8870	0	0	0
k141_8629	3974	0	0	0
k141_3241	3772	0	0	0
k141_8635	1082	0	0	0
k141_3244	4620	0	0	0
k141_8637	3890	0	0	0
k141_8638	1392	0	0	0
k141_3245	1761	0	0	0
k141_3246	1812	0	0	0
k141_8642	1261	0	0	0
k141_8645	1381	0	0	0
k141_3248	4188	0	0	0
k141_8647	2419	0	0	0
k141_8648	1136	0	0	0
k141_8649	1289	0	0	0
k141_3251	1904	0	0	0
k141_3252	1753	0	0	0
k141_8652	4786	0	0	0
k141_3254	2498	0	0	0
k141_8653	2333	0	0	0
k141_8654	1777	0	0	0
k141_3256	3453	0	0	0
k141_8655	4509	0	0	0
k141_8656	1103	0	0	0
k141_3260	2504	0	0	0
k141_8657	2038	0	0	0
k141_8658	1372	0	0	0
k141_8659	2009	0	0	0
k141_3261	4562	0	0	0
k141_8660	2242	0	0	0
k141_8661	1164	0	0	0
k141_3263	1871	0	0	0
k141_12127	53414	0	0	0
k141_3264	1926	0	0	0
k141_8664	2899	0	0	0
k141_12131	2244	0	0	0
k141_3265	1901	0	0	0
k141_12133	4991	0	0	0
k141_8667	5992	0	0	0
k141_5311	63116	0	0	0
k141_12134	4997	0	0	0
k141_8670	3713	0	0	0
k141_8671	1116	0	0	0
k141_5312	3352	0	0	0
k141_8672	2855	0	0	0
k141_12137	4879	0	0	0
k141_8673	2029	0	0	0
k141_8674	2147	0	0	0
k141_12138	5191	0	0	0
k141_12139	1156	0	0	0
k141_8675	4921	0	0	0
k141_8676	1825	0	0	0
k141_8677	3875	0	0	0
k141_12144	5771	0	0	0
k141_8678	2001	0	0	0
k141_12145	1544	0	0	0
k141_8682	1594	0	0	0
k141_12146	5062	0	0	0
k141_8684	2106	0	0	0
k141_8685	1306	0	0	0
k141_12147	3229	0	0	0
k141_12150	3392	0	0	0
k141_12151	2494	0	0	0
k141_12153	1766	0	0	0
k141_12154	1770	0	0	0
k141_12158	3379	0	0	0
k141_8686	17046	0	0	0
k141_12161	1554	0	0	0
k141_8687	5184	0	0	0
k141_8688	1852	0	0	0
k141_8689	3330	0	0	0
k141_8690	2955	0	0	0
k141_8694	1608	0	0	0
k141_8695	1035	0	0	0
k141_8696	1631	0	0	0
k141_8697	1255	0	0	0
k141_8698	2823	0	0	0
k141_8699	2168	0	0	0
k141_8700	1210	0	0	0
k141_8701	3153	0	0	0
k141_12162	30091	0	0	0
k141_8702	4190	0	0	0
k141_12163	1052	0	0	0
k141_12164	4211	0	0	0
k141_12165	1020	0	0	0
k141_8706	5160	0	0	0
k141_12166	4368	0	0	0
k141_8710	3846	0	0	0
k141_8711	1306	0	0	0
k141_12167	3564	0	0	0
k141_8713	2239	0	0	0
k141_8714	2861	0	0	0
k141_12170	4199	0	0	0
k141_8715	2296	0	0	0
k141_12172	2317	0	0	0
k141_8716	2898	0	0	0
k141_8719	1826	0	0	0
k141_8720	1440	0	0	0
k141_8723	1619	0	0	0
k141_12173	7899	0	0	0
k141_12176	1119	0	0	0
k141_8724	3051	0	0	0
k141_12177	1571	0	0	0
k141_12179	1366	0	0	0
k141_10149	239357	0	0	0
k141_10150	1582	0	0	0
k141_12182	3530	0	0	0
k141_10151	2352	0	0	0
k141_12183	2277	0	0	0
k141_8725	9621	0	0	0
k141_12184	1381	0	0	0
k141_8728	6628	0	0	0
k141_12185	7487	0	0	0
k141_12186	1983	0	0	0
k141_10152	13667	0	0	0
k141_8731	5683	0	0	0
k141_12187	4582	0	0	0
k141_10153	1868	0	0	0
k141_8732	1230	0	0	0
k141_10154	1546	0	0	0
k141_12188	3215	0	0	0
k141_8735	2980	0	0	0
k141_12189	1601	0	0	0
k141_8736	1317	0	0	0
k141_8737	1299	0	0	0
k141_12190	2598	0	0	0
k141_10155	8627	0	0	0
k141_12191	4147	0	0	0
k141_8738	5201	0	0	0
k141_10158	1860	0	0	0
k141_8740	2099	0	0	0
k141_12193	3390	0	0	0
k141_8741	2106	0	0	0
k141_10159	3384	0	0	0
k141_8742	1246	0	0	0
k141_12194	3463	0	0	0
k141_8743	2004	0	0	0
k141_10160	3362	0	0	0
k141_8744	2003	0	0	0
k141_12195	2742	0	0	0
k141_10161	4293	0	0	0
k141_12196	2883	0	0	0
k141_8745	3214	0	0	0
k141_12198	2043	0	0	0
k141_10164	1483	0	0	0
k141_12199	2318	0	0	0
k141_8746	4933	0	0	0
k141_12200	1005	0	0	0
k141_8747	1214	0	0	0
k141_10165	4948	0	0	0
k141_12201	3177	0	0	0
k141_10166	1800	0	0	0
k141_12204	2924	0	0	0
k141_10169	2665	0	0	0
k141_10170	2407	0	0	0
k141_12205	3117	0	0	0
k141_10171	2574	0	0	0
k141_10172	1921	0	0	0
k141_12206	8060	0	0	0
k141_12207	2741	0	0	0
k141_8748	21081	0	0	0
k141_12208	3298	0	0	0
k141_8750	2822	0	0	0
k141_12209	1893	0	0	0
k141_8752	1186	0	0	0
k141_12211	1923	0	0	0
k141_8755	1119	0	0	0
k141_12213	3308	0	0	0
k141_8758	2640	0	0	0
k141_12214	2948	0	0	0
k141_8760	2808	0	0	0
k141_8761	2859	0	0	0
k141_12216	4368	0	0	0
k141_8762	1601	0	0	0
k141_12218	1627	0	0	0
k141_12219	1497	0	0	0
k141_12220	1591	0	0	0
k141_12222	3503	0	0	0
k141_12223	1420	0	0	0
k141_12224	3397	0	0	0
k141_10173	43415	0	0	0
k141_12225	5569	0	0	0
k141_8763	18359	0	0	0
k141_12226	1269	0	0	0
k141_12228	1870	0	0	0
k141_10175	5137	0	0	0
k141_12229	1517	0	0	0
k141_12233	2126	0	0	0
k141_10177	7215	0	0	0
k141_10178	2105	0	0	0
k141_12234	5514	0	0	0
k141_12235	4448	0	0	0
k141_12237	1070	0	0	0
k141_10179	6205	0	0	0
k141_10180	1143	0	0	0
k141_12239	1288	0	0	0
k141_12240	1130	0	0	0
k141_10182	1951	0	0	0
k141_12241	1395	0	0	0
k141_12243	1524	0	0	0
k141_10186	2476	0	0	0
k141_10187	1347	0	0	0
k141_10189	3021	0	0	0
k141_12246	6872	0	0	0
k141_12249	1350	0	0	0
k141_10192	5140	0	0	0
k141_10194	1164	0	0	0
k141_12251	2671	0	0	0
k141_10195	1945	0	0	0
k141_12252	2590	0	0	0
k141_10196	2365	0	0	0
k141_12253	3998	0	0	0
k141_10197	2937	0	0	0
k141_10198	2318	0	0	0
k141_10200	1010	0	0	0
k141_12254	5368	0	0	0
k141_10201	3890	0	0	0
k141_12255	2680	0	0	0
k141_12256	3423	0	0	0
k141_10202	4022	0	0	0
k141_10203	1469	0	0	0
k141_10204	1124	0	0	0
k141_12257	3223	0	0	0
k141_10205	2426	0	0	0
k141_12258	3156	0	0	0
k141_10207	3125	0	0	0
k141_10208	1441	0	0	0
k141_12261	2385	0	0	0
k141_12262	3140	0	0	0
k141_12263	1706	0	0	0
k141_12264	3097	0	0	0
k141_12265	1629	0	0	0
k141_10209	11523	0	0	0
k141_10211	2973	0	0	0
k141_10212	4067	0	0	0
k141_10213	1350	0	0	0
k141_12266	10700	0	0	0
k141_10216	1242	0	0	0
k141_12267	8259	0	0	0
k141_10218	6614	0	0	0
k141_10219	2116	0	0	0
k141_12268	2563	0	0	0
k141_12270	2022	0	0	0
k141_12271	1619	0	0	0
k141_12273	1331	0	0	0
k141_8766	107184	0	0	0
k141_12274	2986	0	0	0
k141_12275	1070	0	0	0
k141_12276	1143	0	0	0
k141_8767	2738	0	0	0
k141_12278	3232	0	0	0
k141_8768	2944	0	0	0
k141_8769	1881	0	0	0
k141_12280	1850	0	0	0
k141_12281	1815	0	0	0
k141_8770	3466	0	0	0
k141_12283	3059	0	0	0
k141_8771	2284	0	0	0
k141_8773	1758	0	0	0
k141_12285	3939	0	0	0
k141_8774	3062	0	0	0
k141_12286	2013	0	0	0
k141_12287	2488	0	0	0
k141_8775	3132	0	0	0
k141_8778	1166	0	0	0
k141_12291	1438	0	0	0
k141_8779	1785	0	0	0
k141_3266	294549	0	0	0
k141_12292	1582	0	0	0
k141_8781	1061	0	0	0
k141_8785	1395	0	0	0
k141_3267	2384	0	0	0
k141_12293	4061	0	0	0
k141_12294	1599	0	0	0
k141_8787	3638	0	0	0
k141_3270	1842	0	0	0
k141_3271	1118	0	0	0
k141_6423	535247	0	0	0
k141_12295	6461	0	0	0
k141_3272	3402	0	0	0
k141_8788	5879	0	0	0
k141_6425	1066	0	0	0
k141_8789	3029	0	0	0
k141_6426	3342	0	0	0
k141_8792	1391	0	0	0
k141_12298	4952	0	0	0
k141_3273	5583	0	0	0
k141_10221	54714	0	0	0
k141_8793	2446	0	0	0
k141_12301	2037	0	0	0
k141_3275	1518	0	0	0
k141_8794	1573	0	0	0
k141_6427	3929	0	0	0
k141_12303	1183	0	0	0
k141_8795	2460	0	0	0
k141_3276	2522	0	0	0
k141_6430	1717	0	0	0
k141_3278	1659	0	0	0
k141_12306	3991	0	0	0
k141_8796	3442	0	0	0
k141_10222	8215	0	0	0
k141_6431	2199	0	0	0
k141_12308	1098	0	0	0
k141_8798	1844	0	0	0
k141_3279	2925	0	0	0
k141_12309	1837	0	0	0
k141_8799	1921	0	0	0
k141_3280	1585	0	0	0
k141_3281	1112	0	0	0
k141_8801	2542	0	0	0
k141_8802	1685	0	0	0
k141_3282	2613	0	0	0
k141_12310	7468	0	0	0
k141_6432	8803	0	0	0
k141_3283	1450	0	0	0
k141_8803	2581	0	0	0
k141_10223	11714	0	0	0
k141_8804	2455	0	0	0
k141_10224	2930	0	0	0
k141_8807	1143	0	0	0
k141_12314	4070	0	0	0
k141_3285	4016	0	0	0
k141_12315	1848	0	0	0
k141_10227	1734	0	0	0
k141_8808	2860	0	0	0
k141_3286	1706	0	0	0
k141_12316	1630	0	0	0
k141_10229	1195	0	0	0
k141_10230	1242	0	0	0
k141_8809	2859	0	0	0
k141_10231	2696	0	0	0
k141_12318	4193	0	0	0
k141_8810	3520	0	0	0
k141_10232	2040	0	0	0
k141_3290	3968	0	0	0
k141_8811	1290	0	0	0
k141_8812	1454	0	0	0
k141_10233	2151	0	0	0
k141_3292	1382	0	0	0
k141_10235	1513	0	0	0
k141_3293	2780	0	0	0
k141_8814	4089	0	0	0
k141_10238	1842	0	0	0
k141_8815	2406	0	0	0
k141_12320	10900	0	0	0
k141_8816	1329	0	0	0
k141_3294	3975	0	0	0
k141_10241	2975	0	0	0
k141_8817	2220	0	0	0
k141_10243	4023	0	0	0
k141_12322	5412	0	0	0
k141_8818	4349	0	0	0
k141_12323	1171	0	0	0
k141_10244	1515	0	0	0
k141_3297	5037	0	0	0
k141_8819	2482	0	0	0
k141_10245	2840	0	0	0
k141_3298	1373	0	0	0
k141_12325	3542	0	0	0
k141_8820	2533	0	0	0
k141_3299	1643	0	0	0
k141_12326	1768	0	0	0
k141_8821	2352	0	0	0
k141_12328	1250	0	0	0
k141_12329	1543	0	0	0
k141_8822	3260	0	0	0
k141_12330	2249	0	0	0
k141_12331	1124	0	0	0
k141_8823	2683	0	0	0
k141_10246	10633	0	0	0
k141_12333	1784	0	0	0
k141_12334	1344	0	0	0
k141_8825	3896	0	0	0
k141_12339	1450	0	0	0
k141_12340	1132	0	0	0
k141_10247	6176	0	0	0
k141_8826	3525	0	0	0
k141_8827	1220	0	0	0
k141_10248	6003	0	0	0
k141_12341	6886	0	0	0
k141_8828	4692	0	0	0
k141_10249	2087	0	0	0
k141_10250	2936	0	0	0
k141_12342	6496	0	0	0
k141_12344	2238	0	0	0
k141_10251	4731	0	0	0
k141_12345	1641	0	0	0
k141_10252	2647	0	0	0
k141_12346	1196	0	0	0
k141_12347	1546	0	0	0
k141_8829	13273	0	0	0
k141_10253	3776	0	0	0
k141_12348	3683	0	0	0
k141_12350	1305	0	0	0
k141_10254	4639	0	0	0
k141_12351	2332	0	0	0
k141_10255	3138	0	0	0
k141_8830	9314	0	0	0
k141_10256	1060	0	0	0
k141_12352	4100	0	0	0
k141_8831	2779	0	0	0
k141_10257	2158	0	0	0
k141_12353	1518	0	0	0
k141_8832	1362	0	0	0
k141_12354	1775	0	0	0
k141_6434	68821	0	0	0
k141_10260	2725	0	0	0
k141_12356	1554	0	0	0
k141_6436	1587	0	0	0
k141_8834	4690	0	0	0
k141_12357	1713	0	0	0
k141_10262	4390	0	0	0
k141_6439	3415	0	0	0
k141_10263	2273	0	0	0
k141_12359	5435	0	0	0
k141_10264	2050	0	0	0
k141_8835	7511	0	0	0
k141_6440	2894	0	0	0
k141_12360	2021	0	0	0
k141_12361	1185	0	0	0
k141_10265	2938	0	0	0
k141_8836	2253	0	0	0
k141_6442	1520	0	0	0
k141_8837	1187	0	0	0
k141_10266	2539	0	0	0
k141_6445	1163	0	0	0
k141_8838	3025	0	0	0
k141_10273	3280	0	0	0
k141_8839	3918	0	0	0
k141_10274	1562	0	0	0
k141_6446	4695	0	0	0
k141_8840	1804	0	0	0
k141_10275	1705	0	0	0
k141_10276	1617	0	0	0
k141_10277	1922	0	0	0
k141_6448	3802	0	0	0
k141_6451	1020	0	0	0
k141_10278	5314	0	0	0
k141_10279	1195	0	0	0
k141_10280	1399	0	0	0
k141_6452	3178	0	0	0
k141_8841	11955	0	0	0
k141_6455	1372	0	0	0
k141_10281	2871	0	0	0
k141_8842	2765	0	0	0
k141_6456	2809	0	0	0
k141_8843	2690	0	0	0
k141_10284	3213	0	0	0
k141_6457	1980	0	0	0
k141_6458	1907	0	0	0
k141_10285	5055	0	0	0
k141_6459	1886	0	0	0
k141_10286	1021	0	0	0
k141_10288	4358	0	0	0
k141_10289	1040	0	0	0
k141_6460	5420	0	0	0
k141_10290	1915	0	0	0
k141_6463	1888	0	0	0
k141_10291	2264	0	0	0
k141_6464	2502	0	0	0
k141_6469	2376	0	0	0
k141_6471	1409	0	0	0
k141_6472	4197	0	0	0
k141_6473	1200	0	0	0
k141_6474	1994	0	0	0
k141_6476	1180	0	0	0
k141_6479	2071	0	0	0
k141_6480	2600	0	0	0
k141_6481	1060	0	0	0
k141_6483	2412	0	0	0
k141_6484	2581	0	0	0
k141_8844	54164	0	0	0
k141_6485	2881	0	0	0
k141_8845	1025	0	0	0
k141_8847	2089	0	0	0
k141_6486	2824	0	0	0
k141_8848	1542	0	0	0
k141_6487	2526	0	0	0
k141_8852	3807	0	0	0
k141_6492	2852	0	0	0
k141_8854	2678	0	0	0
k141_6493	5998	0	0	0
k141_6496	1009	0	0	0
k141_6498	3973	0	0	0
k141_6500	4236	0	0	0
k141_6502	1187	0	0	0
k141_6503	3902	0	0	0
k141_3302	179805	0	0	0
k141_3303	3598	0	0	0
k141_3304	6328	0	0	0
k141_3308	1149	0	0	0
k141_3309	5520	0	0	0
k141_3310	1915	0	0	0
k141_3311	2419	0	0	0
k141_3313	3166	0	0	0
k141_3315	2205	0	0	0
k141_3316	1166	0	0	0
k141_3318	1106	0	0	0
k141_3319	3207	0	0	0
k141_3321	4051	0	0	0
k141_3322	1276	0	0	0
k141_3323	2224	0	0	0
k141_3324	3250	0	0	0
k141_3328	3266	0	0	0
k141_3330	3874	0	0	0
k141_10292	173755	0	0	0
k141_3333	3000	0	0	0
k141_10293	2970	0	0	0
k141_3335	1265	0	0	0
k141_10294	4025	0	0	0
k141_3337	4363	0	0	0
k141_3338	2185	0	0	0
k141_10296	5554	0	0	0
k141_3339	4260	0	0	0
k141_10297	3837	0	0	0
k141_3340	2012	0	0	0
k141_3343	1083	0	0	0
k141_10299	9605	0	0	0
k141_10300	4728	0	0	0
k141_10301	1107	0	0	0
k141_10302	2272	0	0	0
k141_10304	5162	0	0	0
k141_10305	2373	0	0	0
k141_10306	2381	0	0	0
k141_10307	1844	0	0	0
k141_10308	3036	0	0	0
k141_10309	1497	0	0	0
k141_10310	2002	0	0	0
k141_10312	2703	0	0	0
k141_10314	1978	0	0	0
k141_10315	1792	0	0	0
k141_10316	1346	0	0	0
k141_10317	2298	0	0	0
k141_10318	1486	0	0	0
k141_10319	2423	0	0	0
k141_10321	2071	0	0	0
k141_10323	2282	0	0	0
k141_10324	1780	0	0	0
k141_10325	6685	0	0	0
k141_10327	1916	0	0	0
k141_10329	4194	0	0	0
k141_10330	1072	0	0	0
k141_10331	1055	0	0	0
k141_10332	1280	0	0	0
k141_10333	1111	0	0	0
k141_10334	8549	0	0	0
k141_10335	1294	0	0	0
k141_3344	82862	0	0	0
k141_3345	1179	0	0	0
k141_10336	3648	0	0	0
k141_10337	1115	0	0	0
k141_3347	1616	0	0	0
k141_3348	1108	0	0	0
k141_3351	2967	0	0	0
k141_3354	1127	0	0	0
k141_12362	330884	0	0	0
k141_3355	2815	0	0	0
k141_12364	1429	0	0	0
k141_12365	1386	0	0	0
k141_3356	2497	0	0	0
k141_3357	1353	0	0	0
k141_3359	2521	0	0	0
k141_12366	6975	0	0	0
k141_3360	3697	0	0	0
k141_12367	4641	0	0	0
k141_3361	3937	0	0	0
k141_12371	1061	0	0	0
k141_3363	2152	0	0	0
k141_3364	1926	0	0	0
k141_12372	7997	0	0	0
k141_3365	5289	0	0	0
k141_12374	1307	0	0	0
k141_3367	1550	0	0	0
k141_3368	2856	0	0	0
k141_12377	3601	0	0	0
k141_3372	3305	0	0	0
k141_12380	5504	0	0	0
k141_3374	3701	0	0	0
k141_3375	2279	0	0	0
k141_12382	4445	0	0	0
k141_3376	2745	0	0	0
k141_3378	1066	0	0	0
k141_12384	2665	0	0	0
k141_3380	1320	0	0	0
k141_12385	1188	0	0	0
k141_12386	1349	0	0	0
k141_3381	3411	0	0	0
k141_12387	1388	0	0	0
k141_12388	1702	0	0	0
k141_12389	1416	0	0	0
k141_3382	4292	0	0	0
k141_12390	2666	0	0	0
k141_3383	1866	0	0	0
k141_12392	2815	0	0	0
k141_3385	5261	0	0	0
k141_12393	2783	0	0	0
k141_12394	2428	0	0	0
k141_3387	6213	0	0	0
k141_3388	1175	0	0	0
k141_3389	1089	0	0	0
k141_3390	3596	0	0	0
k141_3391	3709	0	0	0
k141_3393	3020	0	0	0
k141_3396	2250	0	0	0
k141_3397	4339	0	0	0
k141_3398	1899	0	0	0
k141_3400	1944	0	0	0
k141_3402	8960	0	0	0
k141_3404	4325	0	0	0
k141_3406	7788	0	0	0
k141_3407	3713	0	0	0
k141_3408	8491	0	0	0
k141_3409	1797	0	0	0
k141_3414	4954	0	0	0
k141_3415	1497	0	0	0
k141_3416	1026	0	0	0
k141_3418	7565	0	0	0
k141_3420	2219	0	0	0
k141_3422	9789	0	0	0
k141_3423	26074	0	0	0
k141_3424	4472	0	0	0
k141_3425	2187	0	0	0
k141_3427	1861	0	0	0
k141_3428	1589	0	0	0
k141_3430	2157	0	0	0
k141_3431	1150	0	0	0
k141_3432	3788	0	0	0
k141_3433	1044	0	0	0
k141_3436	2569	0	0	0
k141_3437	1202	0	0	0
k141_3440	3953	0	0	0
k141_10339	224729	0	0	0
k141_10341	1224	0	0	0
k141_10343	1927	0	0	0
k141_3447	9208	0	0	0
k141_3450	1285	0	0	0
k141_3452	1569	0	0	0
k141_10344	10638	0	0	0
k141_3456	1188	0	0	0
k141_10345	1622	0	0	0
k141_3457	1747	0	0	0
k141_3458	1349	0	0	0
k141_3459	3500	0	0	0
k141_3462	2101	0	0	0
k141_10354	6601	0	0	0
k141_3463	3582	0	0	0
k141_3464	1836	0	0	0
k141_3465	1491	0	0	0
k141_10355	3813	0	0	0
k141_3466	2849	0	0	0
k141_3467	1321	0	0	0
k141_10356	4466	0	0	0
k141_3468	1829	0	0	0
k141_10357	2478	0	0	0
k141_3470	2085	0	0	0
k141_3471	3943	0	0	0
k141_10358	6665	0	0	0
k141_3472	3018	0	0	0
k141_10359	6388	0	0	0
k141_10360	2696	0	0	0
k141_3474	7260	0	0	0
k141_10361	2111	0	0	0
k141_3478	1113	0	0	0
k141_10362	1452	0	0	0
k141_10363	1603	0	0	0
k141_10365	1538	0	0	0
k141_10366	15815	0	0	0
k141_10367	2943	0	0	0
k141_10368	3653	0	0	0
k141_10369	8037	0	0	0
k141_10373	1063	0	0	0
k141_10374	4650	0	0	0
k141_10375	1394	0	0	0
k141_10377	3864	0	0	0
k141_10378	3786	0	0	0
k141_10379	1972	0	0	0
k141_10381	31690	0	0	0
k141_10382	1357	0	0	0
k141_10383	2272	0	0	0
k141_10385	1619	0	0	0
k141_3479	88602	0	0	0
k141_3480	1122	0	0	0
k141_10386	2776	0	0	0
k141_3481	1564	0	0	0
k141_10387	2451	0	0	0
k141_3483	1724	0	0	0
k141_3484	1616	0	0	0
k141_10388	3088	0	0	0
k141_3486	1090	0	0	0
k141_3487	2078	0	0	0
k141_10389	2932	0	0	0
k141_3488	1079	0	0	0
k141_10391	1193	0	0	0
k141_10392	1750	0	0	0
k141_3492	2261	0	0	0
k141_3493	1624	0	0	0
k141_10394	2801	0	0	0
k141_3495	1650	0	0	0
k141_3497	1255	0	0	0
k141_10396	3712	0	0	0
k141_3498	2376	0	0	0
k141_10397	1516	0	0	0
k141_10401	1424	0	0	0
k141_3499	5557	0	0	0
k141_3500	1538	0	0	0
k141_10404	3917	0	0	0
k141_3501	2641	0	0	0
k141_10405	2268	0	0	0
k141_3502	1344	0	0	0
k141_3503	2212	0	0	0
k141_3504	2101	0	0	0
k141_3505	1482	0	0	0
k141_3507	1901	0	0	0
k141_3508	2160	0	0	0
k141_3509	6684	0	0	0
k141_3510	1327	0	0	0
k141_3512	1005	0	0	0
k141_3513	1345	0	0	0
k141_6504	632402	0	0	0
k141_3514	3071	0	0	0
k141_6505	2335	0	0	0
k141_6506	1722	0	0	0
k141_3515	3520	0	0	0
k141_6507	1207	0	0	0
k141_3516	1068	0	0	0
k141_6508	3462	0	0	0
k141_6509	2488	0	0	0
k141_6510	2757	0	0	0
k141_6511	3769	0	0	0
k141_6512	1615	0	0	0
k141_6513	1460	0	0	0
k141_6516	5567	0	0	0
k141_6518	2331	0	0	0
k141_6519	2147	0	0	0
k141_6520	1834	0	0	0
k141_6521	2454	0	0	0
k141_3518	31538	0	0	0
k141_3520	1177	0	0	0
k141_6522	6266	0	0	0
k141_6523	1551	0	0	0
k141_3521	4223	0	0	0
k141_3522	1901	0	0	0
k141_6525	4053	0	0	0
k141_6526	1008	0	0	0
k141_6528	1561	0	0	0
k141_3524	4636	0	0	0
k141_3525	1444	0	0	0
k141_6530	6244	0	0	0
k141_6532	3316	0	0	0
k141_6533	1670	0	0	0
k141_3526	8756	0	0	0
k141_3527	1492	0	0	0
k141_3528	1103	0	0	0
k141_6537	6048	0	0	0
k141_3529	4761	0	0	0
k141_6538	5150	0	0	0
k141_6539	5693	0	0	0
k141_3531	10283	0	0	0
k141_6541	2309	0	0	0
k141_6542	4992	0	0	0
k141_3533	5303	0	0	0
k141_3534	2730	0	0	0
k141_6545	4998	0	0	0
k141_3536	2773	0	0	0
k141_6548	2630	0	0	0
k141_6549	1749	0	0	0
k141_3538	4249	0	0	0
k141_3539	1291	0	0	0
k141_6552	3209	0	0	0
k141_6553	4029	0	0	0
k141_6554	3319	0	0	0
k141_6555	5150	0	0	0
k141_6556	1453	0	0	0
k141_6557	1338	0	0	0
k141_6558	1301	0	0	0
k141_6560	12417	0	0	0
k141_6562	1275	0	0	0
k141_6563	1626	0	0	0
k141_6564	2334	0	0	0
k141_6565	1887	0	0	0
k141_6566	2804	0	0	0
k141_6568	1800	0	0	0
k141_6571	2281	0	0	0
k141_6572	5268	0	0	0
k141_6575	1254	0	0	0
k141_6579	2127	0	0	0
k141_6583	2392	0	0	0
k141_6586	1291	0	0	0
k141_6588	8792	0	0	0
k141_6589	6463	0	0	0
k141_6591	3008	0	0	0
k141_6592	2245	0	0	0
k141_6598	6855	0	0	0
k141_6599	1483	0	0	0
k141_6600	1157	0	0	0
k141_6603	8090	0	0	0
k141_6604	4038	0	0	0
k141_6606	4827	0	0	0
k141_6607	2009	0	0	0
k141_6608	7673	0	0	0
k141_6609	8716	0	0	0
k141_6610	4407	0	0	0
k141_6611	4044	0	0	0
k141_6612	1009	0	0	0
k141_6614	6246	0	0	0
k141_6615	1024	0	0	0
k141_6617	8860	0	0	0
k141_6618	1431	0	0	0
k141_10408	294763	0	0	0
k141_6619	2394	0	0	0
k141_6620	2317	0	0	0
k141_10409	3871	0	0	0
k141_10411	1186	0	0	0
k141_10412	1887	0	0	0
k141_6625	1695	0	0	0
k141_6626	3277	0	0	0
k141_10413	3364	0	0	0
k141_10414	1322	0	0	0
k141_6630	1119	0	0	0
k141_6631	2169	0	0	0
k141_10415	5879	0	0	0
k141_6632	4199	0	0	0
k141_10416	1105	0	0	0
k141_10418	3086	0	0	0
k141_6634	4474	0	0	0
k141_6636	1829	0	0	0
k141_10419	5361	0	0	0
k141_10420	1207	0	0	0
k141_6637	3180	0	0	0
k141_6639	1490	0	0	0
k141_10421	6125	0	0	0
k141_6640	4532	0	0	0
k141_10423	1970	0	0	0
k141_6642	3206	0	0	0
k141_10424	2147	0	0	0
k141_6643	5822	0	0	0
k141_10425	9030	0	0	0
k141_10426	1409	0	0	0
k141_6644	5050	0	0	0
k141_6645	1581	0	0	0
k141_10428	1565	0	0	0
k141_6646	1012	0	0	0
k141_10429	1161	0	0	0
k141_6647	2253	0	0	0
k141_10430	1689	0	0	0
k141_6648	1377	0	0	0
k141_10431	1293	0	0	0
k141_10432	2284	0	0	0
k141_6649	4318	0	0	0
k141_10436	1205	0	0	0
k141_10437	1353	0	0	0
k141_6651	2519	0	0	0
k141_6652	1235	0	0	0
k141_6653	1350	0	0	0
k141_10438	6152	0	0	0
k141_10440	2363	0	0	0
k141_6656	3362	0	0	0
k141_10441	9957	0	0	0
k141_10444	3611	0	0	0
k141_10446	1152	0	0	0
k141_10447	2639	0	0	0
k141_10448	3043	0	0	0
k141_10449	3156	0	0	0
k141_10450	6855	0	0	0
k141_10451	1510	0	0	0
k141_10452	5857	0	0	0
k141_10453	1748	0	0	0
k141_10456	4954	0	0	0
k141_10458	7614	0	0	0
k141_10460	2013	0	0	0
k141_10461	2361	0	0	0
k141_10463	2408	0	0	0
k141_10464	9476	0	0	0
k141_10465	1305	0	0	0
k141_10466	3820	0	0	0
k141_6657	79724	0	0	0
k141_10467	4903	0	0	0
k141_6658	2258	0	0	0
k141_6659	1280	0	0	0
k141_6661	2725	0	0	0
k141_10468	8360	0	0	0
k141_6663	3355	0	0	0
k141_6664	1682	0	0	0
k141_6665	1342	0	0	0
k141_6666	1345	0	0	0
k141_6667	2414	0	0	0
k141_10469	7663	0	0	0
k141_6668	1481	0	0	0
k141_6669	1119	0	0	0
k141_6672	2548	0	0	0
k141_10471	5704	0	0	0
k141_6673	3168	0	0	0
k141_10473	1659	0	0	0
k141_10474	3441	0	0	0
k141_6674	5737	0	0	0
k141_10477	1731	0	0	0
k141_10479	1184	0	0	0
k141_10480	4791	0	0	0
k141_6675	7231	0	0	0
k141_10481	1525	0	0	0
k141_6676	1082	0	0	0
k141_10482	1223	0	0	0
k141_6678	1669	0	0	0
k141_10483	2696	0	0	0
k141_10484	1730	0	0	0
k141_6679	5759	0	0	0
k141_10486	1913	0	0	0
k141_10487	1432	0	0	0
k141_6681	3042	0	0	0
k141_6682	1047	0	0	0
k141_10490	1564	0	0	0
k141_10491	1303	0	0	0
k141_6684	1278	0	0	0
k141_10492	1083	0	0	0
k141_10493	4023	0	0	0
k141_6685	4595	0	0	0
k141_6686	1495	0	0	0
k141_10494	2125	0	0	0
k141_10495	1030	0	0	0
k141_6688	2460	0	0	0
k141_10497	1505	0	0	0
k141_6690	1082	0	0	0
k141_6691	1305	0	0	0
k141_10502	3071	0	0	0
k141_6692	4072	0	0	0
k141_6693	1584	0	0	0
k141_10504	4331	0	0	0
k141_10505	2881	0	0	0
k141_6694	6044	0	0	0
k141_10506	3551	0	0	0
k141_6695	4645	0	0	0
k141_10507	2927	0	0	0
k141_10509	4310	0	0	0
k141_6696	5825	0	0	0
k141_10512	1895	0	0	0
k141_6698	1730	0	0	0
k141_6701	1562	0	0	0
k141_10513	3401	0	0	0
k141_6702	2053	0	0	0
k141_10514	1897	0	0	0
k141_6703	2640	0	0	0
k141_6707	1018	0	0	0
k141_6708	1871	0	0	0
k141_10517	5275	0	0	0
k141_10518	1791	0	0	0
k141_6713	3673	0	0	0
k141_10519	5131	0	0	0
k141_6714	2948	0	0	0
k141_10521	1578	0	0	0
k141_6716	1029	0	0	0
k141_6717	1271	0	0	0
k141_10523	1915	0	0	0
k141_6718	1744	0	0	0
k141_10528	1038	0	0	0
k141_10529	1889	0	0	0
k141_6720	2863	0	0	0
k141_6721	1583	0	0	0
k141_10533	2528	0	0	0
k141_10534	1503	0	0	0
k141_10536	1151	0	0	0
k141_6722	6373	0	0	0
k141_6723	3310	0	0	0
k141_6724	1436	0	0	0
k141_6725	2170	0	0	0
k141_6727	1818	0	0	0
k141_6728	4167	0	0	0
k141_6729	1445	0	0	0
k141_6730	3275	0	0	0
k141_6731	1815	0	0	0
k141_10537	24766	0	0	0
k141_6732	4990	0	0	0
k141_10538	1259	0	0	0
k141_6736	1322	0	0	0
k141_10541	1214	0	0	0
k141_6738	1169	0	0	0
k141_10542	1137	0	0	0
k141_10543	1308	0	0	0
k141_6740	2182	0	0	0
k141_10545	2766	0	0	0
k141_10546	1575	0	0	0
k141_10548	2604	0	0	0
k141_10549	1794	0	0	0
k141_10550	5909	0	0	0
k141_10551	1857	0	0	0
k141_10552	6609	0	0	0
k141_10554	1262	0	0	0
k141_10555	5650	0	0	0
k141_10556	4344	0	0	0
k141_10557	4076	0	0	0
k141_10559	1162	0	0	0
k141_10560	1922	0	0	0
k141_10561	1338	0	0	0
k141_10563	1408	0	0	0
k141_10564	3921	0	0	0
k141_10565	2144	0	0	0
k141_10566	1047	0	0	0
k141_10567	3597	0	0	0
k141_10568	2946	0	0	0
k141_10569	2178	0	0	0
k141_10570	3365	0	0	0
k141_10571	1877	0	0	0
k141_10572	2090	0	0	0
k141_10573	2191	0	0	0
k141_10574	1517	0	0	0
k141_10577	1567	0	0	0
k141_6742	74143	0	0	0
k141_10578	1134	0	0	0
k141_10579	2465	0	0	0
k141_6743	5251	0	0	0
k141_6746	1036	0	0	0
k141_10585	3731	0	0	0
k141_6747	4099	0	0	0
k141_10586	1289	0	0	0
k141_10587	1855	0	0	0
k141_6750	2849	0	0	0
k141_10589	2865	0	0	0
k141_6751	4154	0	0	0
k141_6752	1269	0	0	0
k141_6753	3650	0	0	0
k141_10592	8390	0	0	0
k141_6754	3914	0	0	0
k141_10593	1421	0	0	0
k141_6755	1084	0	0	0
k141_6756	1807	0	0	0
k141_10595	2241	0	0	0
k141_6758	2532	0	0	0
k141_10597	2503	0	0	0
k141_10598	1052	0	0	0
k141_6760	1719	0	0	0
k141_6761	2904	0	0	0
k141_10599	3739	0	0	0
k141_6762	2713	0	0	0
k141_6763	1514	0	0	0
k141_10600	4809	0	0	0
k141_6764	2363	0	0	0
k141_10601	1756	0	0	0
k141_10603	4064	0	0	0
k141_6765	4960	0	0	0
k141_6766	3941	0	0	0
k141_6767	2621	0	0	0
k141_6768	7789	0	0	0
k141_6769	2694	0	0	0
k141_6770	1453	0	0	0
k141_10604	23225	0	0	0
k141_10605	2860	0	0	0
k141_6773	10029	0	0	0
k141_6775	6322	0	0	0
k141_6776	1369	0	0	0
k141_6778	1283	0	0	0
k141_6779	1731	0	0	0
k141_6780	1423	0	0	0
k141_6781	1603	0	0	0
k141_10606	17737	0	0	0
k141_6782	1133	0	0	0
k141_6784	4581	0	0	0
k141_10608	8253	0	0	0
k141_10609	1300	0	0	0
k141_6786	6598	0	0	0
k141_6787	3577	0	0	0
k141_6788	1092	0	0	0
k141_6789	2505	0	0	0
k141_6790	2162	0	0	0
k141_10610	11211	0	0	0
k141_6792	2094	0	0	0
k141_10611	2548	0	0	0
k141_6794	1224	0	0	0
k141_10612	1646	0	0	0
k141_10613	2649	0	0	0
k141_6795	4565	0	0	0
k141_10614	2063	0	0	0
k141_10615	7544	0	0	0
k141_10617	1707	0	0	0
k141_10618	1369	0	0	0
k141_10619	1721	0	0	0
k141_10620	3979	0	0	0
k141_10621	2255	0	0	0
k141_10623	1263	0	0	0
k141_10624	1568	0	0	0
k141_6796	462545	0	0	0
k141_6797	2810	0	0	0
k141_6799	2488	0	0	0
k141_6800	2603	0	0	0
k141_6802	3239	0	0	0
k141_6804	2012	0	0	0
k141_6806	2439	0	0	0
k141_6808	1015	0	0	0
k141_6809	1632	0	0	0
k141_6810	1115	0	0	0
k141_6811	1010	0	0	0
k141_6813	7254	0	0	0
k141_6815	3065	0	0	0
k141_6816	2596	0	0	0
k141_6818	2402	0	0	0
k141_6819	3400	0	0	0
k141_6820	5636	0	0	0
k141_6821	1435	0	0	0
k141_6823	2605	0	0	0
k141_6824	1526	0	0	0
k141_6825	1690	0	0	0
k141_6826	2236	0	0	0
k141_6827	1825	0	0	0
k141_6828	1278	0	0	0
k141_6830	1610	0	0	0
k141_6831	1475	0	0	0
k141_6832	2491	0	0	0
k141_6833	2049	0	0	0
k141_6834	4000	0	0	0
k141_6837	1054	0	0	0
k141_6838	1896	0	0	0
k141_6839	3683	0	0	0
k141_6842	5882	0	0	0
k141_6846	1284	0	0	0
k141_6847	3420	0	0	0
k141_6848	1279	0	0	0
k141_6849	3771	0	0	0
k141_6850	337777	0	0	0
k141_6851	1210	0	0	0
k141_6853	1659	0	0	0
k141_6857	3896	0	0	0
k141_6858	2647	0	0	0
k141_6859	4409	0	0	0
k141_6860	2297	0	0	0
k141_6861	2031	0	0	0
k141_6865	2603	0	0	0
k141_6866	2028	0	0	0
k141_6869	3448	0	0	0
k141_6870	1129	0	0	0
k141_6876	2509	0	0	0
k141_6877	1520	0	0	0
k141_6878	4224	0	0	0
k141_6879	7959	0	0	0
k141_6882	1395	0	0	0
k141_6885	1257	0	0	0
k141_6887	1494	0	0	0
k141_6888	2021	0	0	0
k141_6889	1198	0	0	0
k141_6890	2762	0	0	0
k141_6891	1710	0	0	0
k141_6892	3746	0	0	0
k141_6893	1966	0	0	0
k141_6894	75691	0	0	0
k141_6895	3386	0	0	0
k141_6896	4474	0	0	0
k141_6897	2079	0	0	0
k141_6902	1717	0	0	0
k141_6906	6117	0	0	0
k141_6907	5878	0	0	0
k141_6908	1817	0	0	0
k141_6911	2864	0	0	0
k141_6912	1230	0	0	0
k141_6913	4802	0	0	0
k141_6914	1037	0	0	0
k141_6916	2701	0	0	0
k141_6917	2085	0	0	0
k141_6918	4093	0	0	0
k141_6919	1644	0	0	0
k141_6921	1058	0	0	0
k141_6922	4922	0	0	0
k141_6924	1314	0	0	0
k141_6926	1322	0	0	0
k141_6927	1241	0	0	0
k141_6928	1143	0	0	0
k141_6929	1237	0	0	0
k141_6930	2234	0	0	0
k141_6935	2906	0	0	0
k141_6936	1305	0	0	0
k141_6937	3677	0	0	0
k141_6938	1686	0	0	0
k141_6939	4231	0	0	0
k141_6940	1869	0	0	0
k141_6941	1585	0	0	0
k141_6943	6016	0	0	0
k141_6944	2709	0	0	0
k141_6946	6568	0	0	0
k141_6947	1029	0	0	0
k141_6948	1465	0	0	0
k141_6952	6040	0	0	0
k141_6953	2830	0	0	0
k141_6954	3127	0	0	0
k141_6955	1714	0	0	0
k141_6956	1923	0	0	0
k141_6960	1343	0	0	0
k141_6961	3534	0	0	0
k141_6963	6644	0	0	0
k141_6964	2599	0	0	0
k141_6965	1217	0	0	0
k141_6966	1794	0	0	0
k141_6967	3318	0	0	0
k141_6968	3841	0	0	0
k141_6969	3656	0	0	0
k141_6970	1684	0	0	0
k141_6971	3169	0	0	0
k141_6972	3536	0	0	0
k141_6973	3232	0	0	0
k141_6977	7205	0	0	0
k141_6978	8805	0	0	0
k141_6979	1339	0	0	0
k141_6980	4431	0	0	0
k141_6982	10263	0	0	0
k141_6983	1506	0	0	0
k141_6985	1395	0	0	0
k141_6986	2039	0	0	0
k141_6987	3553	0	0	0
k141_6988	2946	0	0	0
k141_6989	1752	0	0	0
k141_6991	2536	0	0	0
k141_6992	2452	0	0	0
k141_6993	1150	0	0	0
k141_6994	1931	0	0	0
k141_6997	4477	0	0	0
k141_6998	1966	0	0	0
k141_7001	2501	0	0	0
k141_7002	1377	0	0	0
k141_7003	3418	0	0	0
k141_7006	5770	0	0	0
k141_7008	2183	0	0	0
k141_7009	2644	0	0	0
k141_7010	7849	0	0	0
k141_7012	1429	0	0	0
k141_7015	2993	0	0	0
k141_7017	3332	0	0	0
k141_7019	4532	0	0	0
k141_7020	3410	0	0	0
k141_7021	4310	0	0	0
k141_7023	3069	0	0	0
k141_7024	1352	0	0	0
k141_7025	3176	0	0	0
k141_7026	1762	0	0	0
k141_7027	1457	0	0	0
k141_7028	1229	0	0	0
k141_7032	109391	0	0	0
k141_7034	1091	0	0	0
k141_7035	5526	0	0	0
k141_7036	1636	0	0	0
k141_7037	4421	0	0	0
k141_7039	1071	0	0	0
k141_7041	4066	0	0	0
k141_7042	3692	0	0	0
k141_7044	2830	0	0	0
k141_7045	3525	0	0	0
k141_7046	2083	0	0	0
k141_7048	1714	0	0	0
k141_7049	6132	0	0	0
k141_7051	1198	0	0	0
k141_7052	2226	0	0	0
k141_7053	2006	0	0	0
k141_7054	8586	0	0	0
k141_7057	2075	0	0	0
k141_7058	1129	0	0	0
k141_7059	1027	0	0	0
k141_7061	2685	0	0	0
k141_7063	3253	0	0	0
k141_7064	1551	0	0	0
k141_7065	1101	0	0	0
k141_7068	1692	0	0	0
k141_7070	3044	0	0	0
k141_7072	3736	0	0	0
k141_7073	1741	0	0	0
k141_7075	1548	0	0	0
k141_7076	1733	0	0	0
k141_7078	3840	0	0	0
k141_7079	2795	0	0	0
k141_7080	5130	0	0	0
k141_7081	1991	0	0	0
k141_7082	2153	0	0	0
k141_7083	1877	0	0	0
